track_id,track_name,artists,album_name,album_id
2U66ZFrqKAPT0AReieKuVs,Bhool Na Jaana (From “MEMORIES ARE FOREVER”),Tanveer Evan,Bhool Na Jaana (From “MEMORIES ARE FOREVER”),2K72EFdF1p8l5J2lz1Ux35
4QNpBfC0zvjKqPJcyqBy9W,Give Me Everything (feat. Nayer),"Pitbull, AFROJACK, Ne-Yo, Nayer",Planet Pit (Deluxe Version),4rG0MhkU6UojACJxkMHIXB
5w2urkV0oCHiBCo5W2fYmR,5am in Paris,Saint Levant,5am in Paris,7y18QZL66IozHqgS6MoplG
6twB0uYXJYW9t5GHfYaQ3i,ten,"Fred again.., Jozzy",ten days,3DQueEd1Ft9PHWgovDzPKh
46u5B2WN4wryYLZuMAOmI4,Hurts So Good,Astrid S,Leave It Beautiful (Complete),0inJNc0fFD60UAIdFbnedW
0FS7B5o3QyvOD8eWjnbLoO,Run Away With Me,Carly Rae Jepsen,Emotion (Deluxe Expanded Edition),2oj3FG6fos7zAQJxLQGzou
1dzQoRqT5ucxXVaAhTcT0J,Just Dance,"Lady Gaga, Colby O'Donis",The Fame,1qwlxZTNLe1jq3b0iidlue
58QPfkhEGLkZeqXwZkcNv5,Smooth,The Chainsmokers,Smooth,7ojjB8vVRuwmhB9n0KMCUr
4t4rGgiVX7woTmlnW9SHJ7,Residuals,Chris Brown,11:11 (Deluxe),5onhEG8O3aKdg9b4lIdkNz
4Qm7r3ImER8S2Ori1gLMAf,Afsos,"Anuv Jain, AP Dhillon",Afsos,0RaKe6idrXFUXsqxU4VmPa
7iabz12vAuVQYyekFIWJxD,BAND4BAND (feat. Lil Baby),"Central Cee, Lil Baby",BAND4BAND (feat. Lil Baby),4AzPr5SUpNF553eC1d3aRy
3yKgOMlm0LFpm9T2AhGWJJ,GUILT TRIPPIN (feat. Sexyy Red),"Central Cee, Sexyy Red",GUILT TRIPPIN (feat. Sexyy Red),1Elc9U3hXEV7g8TMZBQY0h
06iuzVAiyOTXKJDZiVuPW4,did i tell u that i miss u,adore,did i tell u that i miss u,0pedkI7nWlHCeiluBRLF7O
1iG6H4h48zsndU5JoQs1jK,SUMMER,"Corbyn Besson, Jeremih",SUMMER,590Zhp8Jd7gSCvOwtwumA8
5VvkNZesG4T86mUULEG5Wp,Maiyya,"Sachet-Parampara, Sachet Tandon, Parampara Tandon, Kausar Munir",Do Patti,3MgVvOPyK1wPFEM9l7AQFr
23EquxExXkNmGCCY96P0Iu,Hailey,Justin Bieber,Justice (The Complete Edition),3uPnO1aZBwMgWK1DI5zve9
1vYh9x8UmFTLbXiizk9Qc5,I Believe,Jonas Brothers,Happiness Begins,1Uf67JAtkVWfdydzFFqNF2
2h4HvAKEVp9eehdkGb5Jpm,Cyanide,The Chainsmokers,So Far So Good,4nZ4dv1XvDE25Lf2MFhOqA
51hyZpbJlIgZIaX3TtMxmu,run for the hills,Tate McRae,THINK LATER,0OUOx6rJXtL66AzTnP9KUE
57DTKgkc3CjkUxg0urNl1u,I know love (feat. The Kid LAROI),"Tate McRae, The Kid LAROI",I know love (feat. The Kid LAROI),1mRCTCn8VTho47QuELtmqx
1e9jtpVUszajrfKAJKPvCS,Save My Life,Niall Horan,The Show,7CwQcswdSnPsSwQtskEmT4
7iQxWIYGzTkkLWlUscD4HP,Kya sach ho tum?,Amna Riaz,Kya sach ho tum?,0jQ4tYapUB62uhzoIEPE1n
2LSsSV7V33wM9EKQA2xjGS,Con La Brisa,"Foudeqush, Ludwig Göransson",Black Panther: Wakanda Forever - Music From and Inspired By,06RK0wX4GqHcxBtHlVoGH5
4yAKfBRVUrNisIkWrMJN16,MESS ME UP,"Chase Atlantic, Xavier Mayne",LOST IN HEAVEN,6fCGW5OWBTrtesYXjEze3h
1BP2BsfOIVn7buWEKWN0Le,never see you again,Antent,never see you again,1WnJWVMvUNtejRM7rDbdCn
2uiJtY5SHZI5dIvN7JmovH,Shelter,"Nectry, Antent",Shelter,1vsh8Ayq54a9N3XEXUT43e
2JSTZx6GJaHb1d3xLTiPuM,ALLERGIC,clide,ALLERGIC,2sNJOYvCzQMi4ZfhGWCMC5
4tTb7uAXFqI84T3ZIDBhxf,If You Leave Me,Niall Horan,The Show,7CwQcswdSnPsSwQtskEmT4
0BmRj1LXJGPAox0pl3rMbc,DIE FOR ME,Chase Atlantic,LOST IN HEAVEN,6fCGW5OWBTrtesYXjEze3h
3u947zydbp5jVgVNlaRgv4,Tere Bin Nahi Laage (Male Version),"Uzair Jaswal, Amaal Mallik, Kumaar",Ek Paheli Leela,6c4nK9brQbmS2Y2ilrvG5H
2RdEC8Ff83WkX7kDVCHseE,party 4 u,Charli xcx,how i'm feeling now,3a9qH2VEsSiOZvMrjaS0Nu
1Xy2tuw1Z2RvFiJEI538DT,When I See You,Mokita,When I See You,2U8KUTGavOcA7DtuYdM3JC
29G6ZIbACs5om1EEe9Hyon,Back To Life,ZAYN,Icarus Falls,1DF9B2hfwX4EdgEFwGcRwh
75OSVIdR2KPpEmViMt8MX2,Pal Pal (with Talwiinder),"Afusic, Talwiinder, AliSoomroMusic",Pal Pal (with Talwiinder),47HV1rQNbrAPcv15zgbTHy
2xRtXbFAmk3cW6xE1zF7ye,Tu Jhoom,"Naseebo Lal, Abida Parveen",Tu Jhoom,6VhS1BISA2PS23CmP0XH5M
7JJshKQ0Wlu6bZwqamulCE,"Me, Myself & I",5 Seconds of Summer,5SOS5,6aPyqaE53xagYyLIYZjB1e
4nNZ4ra9sJnsdixXELkfW5,Does It Feel,Charlie Puth,Nine Track Mind (Deluxe Edition),7E4Zm8sWQgkGyOm2v4d9D4
4j9F9K3pSOzMSqyCk6LBXq,What If I Wasn't Done Loving You?,Fly By Midnight,Fictional Illustrations,3xrJrR589weA5sIkdMZuQh
4v5kAh2wWyCSuKuhMJK8u6,Long Way 2 Go,Cassie,Cassie (U.S. Version),0j1qzjaJmsF1FkcICf3hRu
2IYe9rxH98uKdiyXXqrDrr,What You Want,"Belly, The Weeknd",IMMIGRANT,01OhPa84ZZEYBZl2Lvo4iZ
3frUvGrmGcay91lvFbOgsN,Like It Is,"Kygo, Zara Larsson, Tyga",Like It Is,0lWWqdcdtFgSd1j06F9JZC
4LMlVCXHJtCE9abhmn0mYo,Pal Pal,"Afusic, AliSoomroMusic",Pal Pal,2PxW90KYw7dKSgRTwu45hS
0yuAWlxq59xT3agQ965OxE,Sunsetz,Cigarettes After Sex,Cigarettes After Sex,5chTLnnxlxQVAgEv6YbEBe
6L4QbsQrP9ZiZdz9SfOSGV,Yeh Dooriyan,"Pritam, Mohit Chauhan",Love Aaj Kal (Original Motion Picture Soundtrack),6IXfWhC7omotM4lt0ROmEr
4eEfckO9ZJlMntQJFEjxq6,interstellar.,"pandora., chillwithme, cødy",daydream.,5QgfYuguhp3BQkr8c7AqxR
4umIPjkehX1r7uhmGvXiSV,Intentions (feat. Quavo),"Justin Bieber, Quavo",Changes,63iWSELt9V1kV6RSMxN7Ii
5Py8zRKGkZvgHniVVtvNCN,All Around Me,Justin Bieber,Changes,63iWSELt9V1kV6RSMxN7Ii
1zWMf9bVyhY5W3ZORbjNWt,LIKE I WOULD,ZAYN,Mind Of Mine (Deluxe Edition),5amj9zNeZ3B2EdpBgXrOZ0
0TC3wZupelwzKhuueGSGZu,dRuNk,ZAYN,Mind Of Mine (Deluxe Edition),5amj9zNeZ3B2EdpBgXrOZ0
272McVAYf1FnUFeNKHiw2E,Testing - lofi remix,The Chainsmokers,So Far So Good (lofi remixes),3Fpxa7OUrdGmqEebgoAF1E
1XBYiRV30ykHw5f4wm6qEn,NIGHTS LIKE THIS,The Kid LAROI,THE FIRST TIME,63IolVUykZCHMlu2zu9jHS
4ulroyDK6rN73nVkCkWhur,Sahiba,"Jasleen Royal, Stebin Ben, Vijay Deverakonda, Radhikka Madan, Priya Saraiya, Aditya Sharma",Sahiba,5ZbqiWukRFxq8zwllvK3YT
717s9KFmHhyy5t3xkStS56,Red Terror,The Weeknd,Hurry Up Tomorrow,3OxfaVgvTxUTy7276t7SPU
3SAC6Ka0EIeWhk341z9Bd7,in for it,"11:11 Music Group, Still Tech, ghostly echoes, accelerate",in for it,6dt2dyOAxZljcg1vDzzJR6
5AyL2kgLtTWEu3qO3B9SqK,Like A G6,"Far East Movement, The Cataracs, DEV",Free Wired,4axgysRjIB7ToC0DA7uxXC
0FIDCNYYjNvPVimz5icugS,Timeless (feat Playboi Carti),"The Weeknd, Playboi Carti",Hurry Up Tomorrow,3OxfaVgvTxUTy7276t7SPU
4TDPlp7OSOjuDU3l7PCM04,Hurry Up Tomorrow,The Weeknd,Hurry Up Tomorrow,3OxfaVgvTxUTy7276t7SPU
637oNhilCI9UlkWkUW4Grt,Enjoy The Show (feat. Future),"The Weeknd, Future",Hurry Up Tomorrow,3OxfaVgvTxUTy7276t7SPU
5673WA8EEUSPx1ir26lhGW,Wake Me Up (feat. Justice),"The Weeknd, Justice",Hurry Up Tomorrow,3OxfaVgvTxUTy7276t7SPU
5ZDKPFRZC6QlJpf8bCIXTs,The Abyss (feat. Lana Del Rey),"The Weeknd, Lana Del Rey",Hurry Up Tomorrow,3OxfaVgvTxUTy7276t7SPU
6i5fDaCzwxRrZtuvvcqoIf,Drive,The Weeknd,Hurry Up Tomorrow,3OxfaVgvTxUTy7276t7SPU
0K3w6WNawZlv6Izmsrye8o,Give Me Mercy,The Weeknd,Hurry Up Tomorrow,3OxfaVgvTxUTy7276t7SPU
0sTBOp1hdayTjw6UOyPyi6,Open Hearts,The Weeknd,Hurry Up Tomorrow,3OxfaVgvTxUTy7276t7SPU
5rzI6Jnlhx8DgVgsOLorfW,Baptized In Fear,The Weeknd,Hurry Up Tomorrow,3OxfaVgvTxUTy7276t7SPU
3AWDeHLc88XogCaCnZQLVI,Cry For Me,The Weeknd,Hurry Up Tomorrow,3OxfaVgvTxUTy7276t7SPU
32FVH23yFXr8Z0sfjRw4It,Wo Noor,AP Dhillon,Two Hearts Never Break The Same,0eZKTY3yDMqMTrVvtcEokh
2d0mogXeL0tw0CdYWh0xoZ,Gumaan,"Talha Anjum, Talhah Yunus, Young Stunners",Gumaan,175hRYuCg5Y3Kgg70kQkSl
29m79w9xPMH4YCD6r8JSmV,Excuses,"AP Dhillon, Gurinder Gill, Intense",Excuses,3GkXRRRkV3rfgwG1wJset9
0O3TAouZE4vL9dM5SyxgvH,Fashion Killa,A$AP Rocky,LONG.LIVE.A$AP (Deluxe Version),6rzMufuu8sLkIizM4q9c7J
5FvGI8KtImlEbOsvEW3pfX,The Fall,"The Chainsmokers, Ship Wrek",So Far So Good,4nZ4dv1XvDE25Lf2MFhOqA
5D8JdpIbqKKmeQf4FXT614,Maradona,The Chainsmokers,So Far So Good,4nZ4dv1XvDE25Lf2MFhOqA
79fxhzh6O3mJjsKQpIjTVy,Loved By You (feat. Burna Boy),"Justin Bieber, Burna Boy",Justice,0w1dwXfG5z6Xjjgj524JkD
3NM0tEJqqdpEtKuq6Se2g4,Anyone,Justin Bieber,Justice,0w1dwXfG5z6Xjjgj524JkD
1EsTfiu26JucTyc5npjJU4,Love You Different (feat. BEAM),"Justin Bieber, BEAM",Justice,0w1dwXfG5z6Xjjgj524JkD
5dPz35akJjPqb17yeqNwqH,Ghost,Justin Bieber,Justice,0w1dwXfG5z6Xjjgj524JkD
1A3maiVKkyHkkfkc7KKcOB,Hold On,Justin Bieber,Justice,0w1dwXfG5z6Xjjgj524JkD
6Z2pe32hFnUd2x5NgO5KFc,Die For You (feat. Dominic Fike),"Justin Bieber, Dominic Fike",Justice,0w1dwXfG5z6Xjjgj524JkD
3oKMaEiHucbEuVQq26Pllz,Unstable (feat.The Kid LAROI),"Justin Bieber, The Kid LAROI",Justice,0w1dwXfG5z6Xjjgj524JkD
7khnoUH1WyXX4SLmeJnnQL,Holy (feat. Chance The Rapper),"Justin Bieber, Chance the Rapper",Justice,0w1dwXfG5z6Xjjgj524JkD
6QR4tIMqU7gSy2oestEPYj,Deserve You,Justin Bieber,Justice,0w1dwXfG5z6Xjjgj524JkD
1x9OXj5MTTUfG9Non7AqzG,2 Much,Justin Bieber,Justice,0w1dwXfG5z6Xjjgj524JkD
40MgoUXdjPRk27R1Fp7EAp,OBVIOUS (feat. Hasan Raheem),"Umair, Hasan Raheem",ROCKSTAR WITHOUT A GUITAR,1DayIaoubhlZ9kiX2mB9So
1Oyfarj5ipZwEup8DUM7hA,Aaj Sajeya,Goldie Sohel,Aaj Sajeya - Single,5K07SMgR7RxfpsgDcNmD2o
3uyf8yCzPXZ9IXTjlxLGKf,Sweet Flower (feat. Syra),"AP Dhillon, Syra",The Brownprint,39fvaMl4ECsHkplPilIpBo
5qWfjn5HYxrHS8BUDy3zAO,My Passion,Akcent,King of Disco,4HzC9KvJYK3K3Ef59wLghi
4vHRQnzGcKEtqsLH70tAms,"Raanjhan (From ""Do Patti"")","Sachet-Parampara, Parampara Tandon, Kausar Munir","Raanjhan (From ""Do Patti"")",1poClftP5T3zRcqpsxPPfW
7tmCrmlrJShJHcPgTzFiWl,Kinaara,"Samr8, SUPERBOY",Kinaara,7a4i1gTgGGkRsnKAAnl9EM
1ZrffPm5SjP3rWDB6edVBg,Lafz 2.0,"The Skinny guy, Jayyke",Lafz 2.0,2QNiEGHIgVAclQ4sXRjocz
2QxekHjOYDnzNO5w8hu2D9,Empty Out Your Pockets,Juice WRLD,The Party Never Ends 2.0,7kOpqRCEqTTzcGc4CwEFph
0A1JLUlkZkp2EFrosoNQi0,Labyrinth,Taylor Swift,Midnights,151w1FgRZfnKZA9FEcg9Z3
3eKw38XZ5N4CQh7OVZnKxD,it's going to be alright,"alixe., Antent",it's going to be alright,76Z45K7IHValIJQH8xnP6i
6aiCRUd68tOPCwsU0x1lUP,The Party Never Ends,Juice WRLD,The Party Never Ends,7lpVrkFA2XivBC5cis1dil
3i7xYNT3bjjuiIDvCABSVR,KTM Drip,Juice WRLD,The Party Never Ends,7lpVrkFA2XivBC5cis1dil
1OEmd2iXU8pWG7CrKNpGUg,Humdard,"Arijit Singh, Mithoon",Ek Villain,3EkmvTqyKrnMw1WiVpsSwF
3MEYFivt6bilQ9q9mFWZ4g,Alone,Marshmello,Alone,7ePC9qS9mSOTY9E0YPP6yg
0gBfLS4aqbrr1ZvVv8dqWB,Stereo Love,"Edward Maya, Vika Jigulina",Stereo Love,33KlzkDGBUdgRhzOP72gSJ
5uCax9HTNlzGybIStD3vDh,Say You Won't Let Go,James Arthur,Back from the Edge,7oiJYvEJHsmYtrgviAVIBD
2L6ypr3l5t5mLkY3lXIpZE,Thinking out Loud,Ed Sheeran,x (Wembley Edition),0MeOIA0wwSa6nW79jy8QcZ
3PbutKhWZwCvV36TMJiNl3,Jus' Know,BlackMayo,Jus' Know,74DZ6KxieVwYUS0zYVReco
47EJ5d0ClIsqpMcfBt52Ji,Laaya,Mitraz,Laaya,5nmLWle4JKpncfCbsCBNe9
5jzK5rJMvy3L5MI5M8MSNo,Paraye,Pratsofficial,Unloved,77oy22SM00oHo503o1DsPN
0DXfJ2iKRDEG7rPgssWFea,"Rangisari (From ""Jugjugg Jeeyo"")","Kanishk Seth, Kavita Seth","Rangisari (From ""Jugjugg Jeeyo"")",5MB6DWb1irSWaalYH07Uzg
2x2olWuWXpqjoeE4bO1NFS,Never Lose Me,Flo Milli,"Fine Ho, Stay",4tNtjyBBXMhGRwqOQTbh6i
0yc6Gst2xkRu0eMLeRMGCX,Apocalypse,Cigarettes After Sex,Cigarettes After Sex,2mxFsS5yylSTHNivV53HoA
2HZFVG2oEzLou9lT8SA2BD,"Holding you, Holding me",Cigarettes After Sex,X's,10i6evsxSFs2fuPQRWvI6I
0SpkyS1Q4MD8GaVcP5YjT4,Sunsetz,Cigarettes After Sex,Cigarettes After Sex,2mxFsS5yylSTHNivV53HoA
2eAZfqOm4EnOF9VvN50Tyc,The Way Life Goes (feat. Oh Wonder),"Lil Uzi Vert, Oh Wonder",Luv Is Rage 2,733e1ZfktLSwj96X5rsMeE
7nc7mlSdWYeFom84zZ8Wr8,Tell Em,"Cochise, $NOT",Tell Em,3OE8gkPLqI9zr3hlEz6ruQ
6EUcP55GlbmsmCzfL2vxtZ,on one tonight,Gunna,One of Wun,7g0PJ7VbsOkYTECUFkyNPN
4YadhxDW5xup3LMqC4VT75,Run Back to You,"Hoang, Alisa",Run Back to You,38dwkJzByqmOoLIl3pOj1f
0xGQTpN4ESETtl1Sp6rzd2,São Paulo (feat. Anitta),"The Weeknd, Anitta",São Paulo,44MHvpU3h9Wp6SxhsC9GOK
1DsQyEshUaan0BBb7fUQHr,Tere Binaa,Mustafa Zahid,Heropanti,3OozDMNwTvyCP4bOhsSou0
2hJcvSDeAmgoftVEeAuk1Y,Midnight (feat. Liam Payne),"Alesso, Liam Payne",LP1,5pbvTLpIZB3XWRuUS9ZxHm
426utyJ4B1l4vi5i5ULU5k,Stack It Up (feat. A Boogie Wit da Hoodie),"Liam Payne, A Boogie Wit da Hoodie",LP1,5pbvTLpIZB3XWRuUS9ZxHm
3o5GtsTSrYQ9AwLvWo2F3X,Familiar (With J. Balvin),"Liam Payne, J Balvin",LP1,5pbvTLpIZB3XWRuUS9ZxHm
6iVSrxckemaSJWDHthbbdu,Polaroid (With Jonas Blue & Lennon Stella),"Jonas Blue, Liam Payne, Lennon Stella",LP1,5pbvTLpIZB3XWRuUS9ZxHm
29JrmE89KgRyCxBIzq2Ocw,Strip That Down (feat. Quavo),"Liam Payne, Quavo",LP1,5pbvTLpIZB3XWRuUS9ZxHm
1Es7AUAhQvapIcoh3qMKDL,Timeless (feat. Playboi Carti),"The Weeknd, Playboi Carti",Timeless,2IRxVVqbSbqHJo8Zx50LYn
0WvjrHwSrm0ZfhRGje2j2W,Khileya,"Mitraz, Shirley Setia",Khileya,5BZYnWSy80FLmuF0bAzZdf
5sHtSBMrHITVhXAGTAee1J,Nadiyon Sa,Mitraz,Nadiyon Sa,2M7xkC8mDwQoEprmEx36pF
6jA8HL9i4QGzsj6fjoxp8Y,There for You,"Martin Garrix, Troye Sivan",There for You,0OK35duHpTPnvqya2d4pnn
2PFIZFcGry0po3ZfRZkzKc,Hysteria,Def Leppard,Hysteria,1ja2qzCrh6bZykcojbZs82
1NCuYqMc8hKMb4cpNTcJbD,Another Day in Paradise - 2016 Remaster,Phil Collins,...But Seriously (Deluxe Edition),2sS9l8uc3d3UsK9unJyrD8
5KWUKkC3wQCzmF7iLLHnZy,Love Me Again,"Samr8, Mitraz, Calvin Dixon",Love Me Again,278dUl1QrRdTYQBxXFg6Nc
2ezF8mcfJ6CEkxbzgzkApX,Eyes On You,SWIM,Eyes On You,0urrisFkIVwQDvEmvx5z3K
7qmqC8dgl2BXWgJRW4xseD,California (feat. Warren Hue),"88rising, Rich Brian, NIKI, Warren Hue",California (feat. Jackson Wang & Warren Hue) [Remix],2gg6B0XKlAW0XwIMIrwk2n
1NXVnQl2Xc8T2yiUw5A5NF,Don't Run,Corbyn Besson,Don't Run,6UbbHM0B3AdZXtrdVJmymh
5QeUZ1Z4xSCegBXutW3IIt,000000,A.CHAL,EXOTIGAZ,0atHmrOzrm6itiQJbGyN7Q
6KvXpACADAz73IPrCgXobL,Alfaazo,Mitraz,Alfaazo,6xy5HvqMaDhB1EGlqE5iju
0zDOedqfqU7mKyeFbAzLzs,Lost In Time,"Talha Anjum, Umair",Open Letter,2r3tG1S4XlpHM3z7xUp2lD
7z7kvUQGwlC6iOl7vMuAr9,Dancing In The Flames,The Weeknd,Dancing In The Flames,5XsZ5ZTcIHnZxjynaGxA0g
2nm8qZvJwIsudW5eKS6pUB,2 MINUTES // SMOG CITY,Maanu,2 MINUTES // SMOG CITY,7JuzIyPf3Jq2uMv7GDZRMq
4thOONDx78zsY8sHGfU1M2,You and Me,Shubh,Leo,1h0Yw7Wm49GGiGpN2gd3o2
0eCajpR75pDW0r64U6hP2x,Jo Tum Mere Ho,Anuv Jain,Jo Tum Mere Ho,0upenH0uUT36nBbVM5mQhW
3r7GgRegpst8F5jjDmfD6W,Panic,"NOTD, Corbyn Besson",Panic,7wrFawWVd9g2UeOuj0rOfU
3fwyItGexa88kR8j76dIqv,Aziyat 2.0 - Reprise Version,Pratsofficial,Aziyat 2.0 (Reprise Version),6Pe9mPc7ynVPgtBWwLVXgL
2tjWCe2W7sgvS3C8NHcdtI,"Duniyaa (From ""Luka Chuppi"")","Akhil, Dhvani Bhanushali, Kunaal Vermaa, Abhijit Vaghani","Duniyaa (From ""Luka Chuppi"")",5hzAIEMlQpsEGIQFvnFOQx
0XF0D8HL9gk2sr9tlFOee3,Dil Mere,The Local Train,Aalas Ka Pedh,5xOkxpVDHdpWkI9mNfYXab
2JgSxQenl3eRwewgBUWyKU,Dil Kay Isharay,Taha G,Dil Kay Isharay,4jhyxjNho3zN1Irog1WpMv
7KYItmZqiTnvfuO42oc6Og,Agar Tu Hota,Ankit Tiwari,Baaghi,5HSTooggnBDwuJpTRZyfXj
7e7JVMegy4WBMnzuZE9Srq,Different Lives,"Fly By Midnight, Rachel Grae",Different Lives,2jnVMgIk877jRCQqJMuNfS
6l0knFRwTeQgJ2yHHqwKmt,Cold,"Boy In Space, unheard",Cold,1FzORnMqtrJ2qE1vGNKIvU
6o4KLywJfGXPuuwZDEoYSt,Forever Young,Boy In Space,Forever Young,0noNZlQ3ecnWvtrNSpMi50
26c79e3JqgkuyvGeH5fmnB,Bad Advice,"The Chainsmokers, ELIO",No Hard Feelings,6zbTpuaPUXU6jRn6RJ0W6K
0Wz5dUk7mkYv57W81E5T7u,No Shade at Pitti,The Chainsmokers,No Hard Feelings,6zbTpuaPUXU6jRn6RJ0W6K
52KQoDPfvVy1mk4yLXh9hx,Green Lights - demo,The Chainsmokers,No Hard Feelings,6zbTpuaPUXU6jRn6RJ0W6K
1Yh82W1H6OrHlCGzpkFBmH,Tennis Court,The Chainsmokers,No Hard Feelings,6zbTpuaPUXU6jRn6RJ0W6K
5DPxNfBMFY2Npj5mGi0lAn,Atom Bomb,Boy In Space,Atom Bomb,1m7J2mLzE0rlXQIJbmnoSI
1CrofNrIpyEcoa4a6SWX4j,Dance With Somebody,Conor Maynard,Dance With Somebody,4A5wuqee2GdTKtYpcmRHr3
5SSN6VUT5PduTBsGbTd2Sd,Never Had a Chance,Katherine Li,Never Had a Chance,6xetIkLc35ytsM6poTBsdt
2JgTFjNOi9fsXsnmANnYWu,Nasha,"Talwiinder, Vision",Nasha,2zgGCZeBtP7uKSvorU7t9K
0uBo93xl23O60oErtKvSAg,Mazaak,Anuv Jain,Mazaak,2Uewap1o2Ic2XmN4wb9isV
24MMjyA3NLqCsDJfsn51eg,Mi Amor,"Sharn, The Paul",Mi Amor,0azGrKHPYvl2MEKwQFfbV2
1Y3LN4zO1Edc2EluIoSPJN,Until I Found You (with Em Beihold) - Em Beihold Version,"Stephen Sanchez, Em Beihold",Until I Found You (Em Beihold Version),7ARtQpvnPN2ucbmVHngLOs
3i9UVldZOE0aD0JnyfAZZ0,Lover (Remix) [feat. Shawn Mendes],"Taylor Swift, Shawn Mendes",Lover (Remix) [feat. Shawn Mendes],2UfvnX1YYeC2cExMQTMbXC
16geeCnXrbiomV1IZ8Kudc,"Back to Life - from ""Bumblebee""",Hailee Steinfeld,"Back to Life (from ""Bumblebee"")",3sSEnG2RZGnZlTFwJwxPy4
05mDaV9Vb3wrzjF6OPZnhq,Saint-Tropez,Post Malone,Hollywood's Bleeding,4g1ZRSobMefqF6nelkgibi
4eBvRhTJ2AcxCsbfTUjoRp,Cheques,Shubh,Still Rollin,5AivaZj0CiQJoDWqVH2pbh
1na2MOlie83rN9sTNRuEOj,I Need You,M83,Divergent: Original Motion Picture Soundtrack,3ArLEdO46J7zsEgnlyLmmp
6VBhH7CyP56BXjp8VsDFPZ,"Kesariya (From ""Brahmastra"")","Pritam, Arijit Singh, Amitabh Bhattacharya","Kesariya (From ""Brahmastra"")",1HeX4SmCFW4EPHQDvHgrVS
4bD9z9qa4qg9BhryvYWB7c,Kabira,"Pritam, Tochi Raina, Rekha Bhardwaj",Yeh Jawaani Hai Deewani,2Lxoc72vRTGdQfMvj7Ovi1
4rXLjWdF2ZZpXCVTfWcshS,fukumean,Gunna,a Gift & a Curse,5qmZefgh78fN3jsyPPlvuw
1TiZWEsxN85yLJBq56K8mG,Like I Do,J.Tajor,Like I Do,4AT7V0zZ0B3xWDef7sPCyJ
0wPKDeY4fZXT6k9bzV0kx0,That's Hilarious,Charlie Puth,CHARLIE,2LTqBgZUH4EkDcj8hdkNjK
5bQ6oDLqvw8tywmnSmwEyL,Apna Bana Le,"Sachin-Jigar, Arijit Singh, Amitabh Bhattacharya",Bhediya (Original Motion Picture Soundtrack),12sC6UjMWz6EaxnzyfCNMe
0M0ANKNzmM4Odd7FNKghzW,"Akhiyaan Gulaab (From ""Teri Baaton Mein Aisa Uljha Jiya"")",Mitraz,"Akhiyaan Gulaab (From ""Teri Baaton Mein Aisa Uljha Jiya"")",1VZDqgb1ALde0CFMIvEGNr
0X2bh8NVQ8svDQIn2AdCbW,Consume (feat. Goon Des Garcons),"Chase Atlantic, GOON DES GARCONS*",Chase Atlantic,7C8uqokvE67UOlu1TiEYMd
2VyaGJJI8dOiv36F8vHZIL,Slow Down,Chase Atlantic,Paradise - EP,7p7vt3VZb5ORhePGbHAf8S
7GfCJU7IMUVa5rl5DoOEOh,lonely road,Naits,lonely road,76PAhRlXVr5l9YGQF4LMD9
1Is8hGpkGMiePASAxBluxM,16,Baby Keem,The Melodic Blue,3r46DPIQeBQbjvjjV5mXGg
7lAK3oHbfEnvUQWosrMMpR,YOSEMITE,Travis Scott,ASTROWORLD,41GuZcammIkupMPKH2OJ6I
3vfYc2JwOEhV8Rr1RxBlGu,hope to see you again,Antent,hope to see you again,42aRnzZSIWbmJzhufbuldt
5rpCUsEfBLIumvrxrahnKF,Wishes,"Hasan Raheem, Umair, Talwiinder","Maybe, It's Love",5s1E31b6Tli6eCH5TldUS6
2LskIZrCeLxRvCiGP8gxlh,Arms Around You (feat. Maluma & Swae Lee),"XXXTENTACION, Lil Pump, Swae Lee, Maluma",Arms Around You (feat. Maluma & Swae Lee),3FtwiRgtcCLAiKHDvoj7bO
6SKUirYVtrI4A2acKzXIC9,Feel Too Numb,"Heart Broken Kid, Sickbboyy, Ninow Cash, 1Huntxr",My Good Bye,6oA7juk3nee21Z6MAv2yqR
4qmG24ebshLXtKu9HIShBP,Lace It (with Eminem & benny blanco),"Juice WRLD, Eminem, benny blanco",Lace It (with Eminem & benny blanco),5nOfPCLpHGpayGrUNHAPLt
3RiPr603aXAoi4GHyXx0uy,Hymn for the Weekend,Coldplay,A Head Full of Dreams,3cfAM8b8KqJRoIzt3zLKqw
5HcBFhFQEtqKrsRkr95XYu,"Sooraj Dooba Hain (From ""Roy"")","Arijit Singh, Aditi Singh Sharma",Groove With Arijit Singh,7kSY0fqrPep5vcwOb1juye
2MOoIbJWIYikwIXjBDe26i,Paris in the Rain,Lauv,I met you when I was 18. (the playlist),71cQY3dUThCY6vVKaUIXqR
1DlGTnBydbBcOSdC6XEZnq,The Other,Lauv,I met you when I was 18. (the playlist),71cQY3dUThCY6vVKaUIXqR
69C5MEun1u5pGFxU54TUGk,Bracelet,Lauv,I met you when I was 18. (the playlist),71cQY3dUThCY6vVKaUIXqR
5WflTxciXLuUuQsxg4F15S,Breathe,Lauv,I met you when I was 18. (the playlist),71cQY3dUThCY6vVKaUIXqR
0wCiZgPLKt7M2aoPMBB6Tx,Chasing Fire,Lauv,I met you when I was 18. (the playlist),71cQY3dUThCY6vVKaUIXqR
6r3duEAfFTH83DuoywkG20,Feelings,Lauv,~how i'm feeling~,3ZuE680xhR1A4bCFGvL8mi
4kjI1gwQZRKNDkw1nI475M,MY EYES,Travis Scott,UTOPIA,18NOKLkZETa4sWwLMIm0UZ
0xHvmWCpz9Pnn1sDvRehAs,Channa Mereya - Unplugged,"Pritam, Arijit Singh",Ae Dil Hai Mushkil (Original Motion Picture Soundtrack) [Deluxe Edition],5xjaz957o6YGSXmlfd2tex
4pcBYv2n2vp3OkC2bH5is1,Baatein,Mitraz,Zehen,6V5jxNi2199mv78TkZMCox
1JdQibdvxgcrB8Rv1KFndw,HEAVEN AND BACK,Chase Atlantic,PHASES,2WLUF4duyNMxLMnSMyfN6L
4SRyrhBJ5mq8fEa3bsdZn6,Drugs & Money - New Mix,Chase Atlantic,Chase Atlantic,7C8uqokvE67UOlu1TiEYMd
40qyPyljksBEqlNw5sW37T,Habitual,Justin Bieber,Changes,63iWSELt9V1kV6RSMxN7Ii
77U6kcldLRFl9vCfaw11Sr,Champagne & Sunshine,"PLVTINUM, Tarro",Champagne & Sunshine,0ypRXml4YrjqnfL4D4S7qg
1oWM79mUVdZGCGYjSirHZR,Bandit (with YoungBoy Never Broke Again),"Juice WRLD, YoungBoy Never Broke Again",Death Race For Love (Bonus Track Version),1btu0SV2DOI5HoFsvUd78F
5wujBwqG7INdStqGd4tRMX,Armed And Dangerous,Juice WRLD,Goodbye & Good Riddance,6tkjU4Umpo79wwkgPMV3nZ
4UwqOWDpdeIDVQDuKT6iza,You Are In Love (Taylor's Version),Taylor Swift,1989 (Taylor's Version),64LU4c1nfjz1t4VnGhagcg
2m6HgwjakjAXimujX8m4sk,BLEED,The Kid LAROI,THE FIRST TIME,63IolVUykZCHMlu2zu9jHS
4C6CPs97VoRT98bkVHYhNq,Never Left My Mind,PLAZA,Never Left My Mind,1oA1wrie0ma2w5beqS62Zu
4WyRR7iO0hufoCKZ1kiguz,Lose Face,Daniel Di Angelo,Lose Face,2hrBOXsDrPzXofN7gWvJaN
2XnyJuFQPSQmhrncI7mNoO,SELFISH,The Kid LAROI,F*CK LOVE 3+: OVER YOU,576UTio7xgY7YUxrHMzxeI
1E5Xu8dur0fAjSP1VpVhAZ,Best Friends,The Weeknd,Dawn FM,2nLOHgzXzwFEpl62zAgCEC
51r4wlE7ZlLjMzX1BYawhp,Promise,Adrey,Promise,4rZY2zhVGeFoXRx0slyLOM
4XfuvxTF44Jd9TdsxBz7zs,COLD BLOODED,Chris Grey,COLD BLOODED,6WZo7S2ZoPSPzSXYMQjBIK
7ckfO3Cerf6OsNgdHBqf1b,Drive You Insane,Daniel Di Angelo,Drive You Insane,2WiVHQzHLzSJqUAhHyF3G1
5utAceRFzBzXUkHrkwSklB,LIKE A ROCKSTAR,Chase Atlantic,DON'T TRY THIS,4KJwyWKB1FRpJxZWgkfbz5
4edHoZerfvMGeLz3ohZit6,iPad,The Chainsmokers,So Far So Good,4nZ4dv1XvDE25Lf2MFhOqA
43o1Irj3t3XrH7jkzjp5H3,Patterns,Always Never,Patterns,5qq0yRyeL58wQjwPB4DbP7
7fpWJr5shT90KiCHXKHxch,Phir Le Aya Dil - Reprise,"Pritam, Arijit Singh",Barfi! (Original Motion Picture Soundtrack),2KZs4INik6X4KeZEsEWEm4
71BqAINEnezjQfxE4VuJfq,"""Slut!"" (Taylor's Version) (From The Vault)",Taylor Swift,1989 (Taylor's Version),64LU4c1nfjz1t4VnGhagcg
1kVEYmQNIGZSknPvqSK86L,the boy is mine - sped up,"pearl, fast forward >>",the boy is mine - sped up,665c5MUF2j0k51EYjsccxm
4K7l6gzsSPKkB3mzokEDKQ,Dekh Lena,"Arijit Singh, Tulsi Kumar, Ankit Tiwari, Manoj Muntashir",Tum Bin 2,7ijsqBc7vZeS5so68Zt7pD
100fbGocyqbBPQkTDchi2g,TOO MUCH,"The Kid LAROI, Jung Kook, Central Cee",THE FIRST TIME,63IolVUykZCHMlu2zu9jHS
4xKLuSF9EgcCGscGmoVXhx,DESERVE YOU,The Kid LAROI,THE FIRST TIME,63IolVUykZCHMlu2zu9jHS
3qwfwRLci33jDtIQhArYAA,I THOUGHT THAT I NEEDED YOU,The Kid LAROI,THE FIRST TIME,63IolVUykZCHMlu2zu9jHS
5icZ87FcdUCMYAp9VXWdd9,SORRY,The Kid LAROI,THE FIRST TIME,63IolVUykZCHMlu2zu9jHS
3afkJSKX0EAMsJXTZnDXXJ,Strawberries & Cigarettes,Troye Sivan,Strawberries & Cigarettes,5L0bixsyXEkomsyucUySjy
2dPUug9YiNL4ypu8UF8SnD,Tose Naina,"Arijit Singh, Hanif Shaikh",Mickey Virus,4mL4WrvQas7fLVN5GuTVe1
5KoiXrc0UYpmpFXoBTHYrl,Drugs,12AM,Drugs,2Zzpus7WEYQUsoq7HFGC9C
2wgBBqtX5x2UfcJItChy3H,Wild Horse,Darci,Long Days Away EP,613TIKn6gw8IGd1CBQUTa9
0rKWJnmo6Q0ovoPOLoLm0t,TOO MUCH,"The Kid LAROI, Jung Kook, Central Cee",TOO MUCH,7gCggwpSuqUmVzWniLdpKR
7dJYggqjKo71KI9sLzqCs8,Agora Hills,Doja Cat,Scarlet,6DmPNcfpkXBVRJsEIJY9tl
0b6wdul3A5sQNpIOv03OxP,Ocean Drive,Duke Dumont,Ocean Drive,5APvbPGki6FOQO6rNEuXCv
1KMkcUvF7m3SDChDOa7i5L,WITHOUT YOU,The Kid LAROI,F*CK LOVE 3+: OVER YOU,576UTio7xgY7YUxrHMzxeI
7JLzv38qr5GxXYqQfuQJP9,Summertime Friends,The Chainsmokers,Summertime Friends,4Fskvi7B1rmq52xIx9zTsV
6a2WchbJtycKAcxX65XFEx,Kho Na Jaun,"Omkar Singh, Adil Ahmad, Aman Ahmad",Kho Na Jaun,5IIiZRMcbPXCLuw7sIdmux
4F7A0DXBrmUAkp32uenhZt,Party Monster,The Weeknd,Starboy,2ODvWsOgouMbaA5xf0RkJe
0VCaMojESxrxingY2tNS4Q,23,Chase Atlantic,Chase Atlantic,7C8uqokvE67UOlu1TiEYMd
0xtIp0lgccN85GfGOekS5L,Yes I'm Changing,Tame Impala,Currents,79dL7FLiJFOO0EoehUHQBv
2b2lL6iY3x1CSOv7QQbp8R,Tidal Wave,Chase Atlantic,Tidal Wave,6eVvaG53YFZnHA1PHJMmso
7dTd00X8Mc5iErfQQyBA6B,Riptide,The Chainsmokers,So Far So Good,4nZ4dv1XvDE25Lf2MFhOqA
73URX96PE74KPnE9ogX2ib,Uncomfortable,Chase Atlantic,Chase Atlantic,7C8uqokvE67UOlu1TiEYMd
2tB05aqWu7QvgTxHiusN6Q,Automatic,"Fly By Midnight, Jake Miller",Automatic,37mGS3XchpvWPKBl0VaMIn
3zSSCPpLZ5Oc8nelhhGjKz,Tu hai kahan,AUR,Tu hai kahan,73vfz6Szer7i3GFIesix6l
2lOY5Ah2pRRMdjA6yBRgwW,Summertime Friends,The Chainsmokers,Summertime Friends,06NJ4sxQJg1BiSGH9WkzRE
1Tf0qifzTHdDC9RnTW9Di3,Spaceman,Nick Jonas,Spaceman,3FTjOu2zQLWcl1NVos4eAq
33o0xXMPY41CWwDTnxyM5Z,2Drunk,Nick Jonas,Spaceman,3FTjOu2zQLWcl1NVos4eAq
41bqjWvbH0bkuaNqbHy54l,This Is Heaven,Nick Jonas,Spaceman,3FTjOu2zQLWcl1NVos4eAq
5FTRpan9Azg7ltP40NnZK4,If I Fall,Nick Jonas,Spaceman,3FTjOu2zQLWcl1NVos4eAq
0mL82sxCRjrs3br407IdJh,Is There Someone Else?,The Weeknd,Dawn FM,2nLOHgzXzwFEpl62zAgCEC
3azJifCSqg9fRij2yKIbWz,The Color Violet,Tory Lanez,Alone At Prom,5Gm2XKBgnlzd6qTi7LE1z2
1rWzYSHyZ5BiI4DnDRCwy7,Moonlight,Chase Atlantic,Paradise EP,7agIpPnZXBhJQcWHAvdQFx
6s86N7LVaJZuU4alwKp6XO,Are you happy?,shy martin,Sad Songs,71sb3x5BwKk87d7ZBOoSJY
0oaY19dUwZimIgzn3ZZLZO,2 Much,Justin Bieber,Justice,5dGWwsZ9iB2Xc3UKR0gif2
17H5BFEUB0tMcQfJEcDSwH,Ready Yet,Mokita,Ready Yet,3SW7Sl00QSXiv3bavW4kO8
5YSHygGN9D0mID1NsVd5my,Reminds Me Of You,"Juice WRLD, The Kid LAROI",Reminds Me Of You,16ilcI6xOgSh3Jd3bxF6MI
3GWaFFi6TlPcZLYmCCHZ9O,Teenage Dream,Stephen Dawes,Teenage Dream,1UH6aVsmnWRjsB5Tq0qUhF
2L9N0zZnd37dwF0clgxMGI,ceilings,Lizzy McAlpine,five seconds flat,68L5xVV9wydotfDXEik7eD
5q37UhJgXRZwIIkdUGTZFb,BOGUS,Don Toliver,Life of a DON,2WmJ5wp5wKBlIJE6FDAIBJ
1REh5aFdSnrw06A67wpGk3,Wishes,Carter Ryan,Wishes,79HpQh6NveiCHDJXYn164L
5XeFesFbtLpXzIVDNQP22n,I Wanna Be Yours,Arctic Monkeys,AM,78bpIziExqiI9qztvNFlQu
2u0CelO5c81XS7z3dGpHbS,The Beach,The Neighbourhood,Wiped Out!,18iFxjZugvKhuNNMbLjZJF
2K7xn816oNHJZ0aVqdQsha,Softcore,The Neighbourhood,Hard To Imagine The Neighbourhood Ever Changing,0ODLCdHBFVvKwJGeSfd1jy
1wtOxkiel43cVs0Yux5Q4h,Snow On The Beach (feat. Lana Del Rey),"Taylor Swift, Lana Del Rey",Midnights,151w1FgRZfnKZA9FEcg9Z3
5pY6MyfY63LJ74CiDbZnzw,Waves of Blue,Majid Jordan,Waves of Blue,4NQRZlgmo5Sz9pSNkTOiM0
3nfARfVxSqwFahp3yY53aD,Get Throwed,Don Toliver,Life of a DON,2WmJ5wp5wKBlIJE6FDAIBJ
09EVL34Hr8e1jzFF5Hjb0v,Why Can't You Wait,"The Chainsmokers, Bob Moses",So Far So Good,4nZ4dv1XvDE25Lf2MFhOqA
1nYzjrdVQ8RpF93M0jPFW7,Remember That Night?,Sara Kays,Remember That Night?,239r63fqY8PyWX9WcgwNzP
5hOo1sSvGujVZSNiUzi49i,the movies,Nightly,"night, love you.",58J1HN0dJl1pkTwu1YGJSq
1e5Zf1EU0TAitK207VOUY7,LIKE A ROCKSTAR,Chase Atlantic,DON'T TRY THIS,6yvyK1eFy7bUVN7EBWXWgg
4Ib87leNsjQB4Oitglp0sq,Catch Me,Dxvn.,Catch Me,2SRcHIpXvSEGS99Gd9ZYZ5
2zXRAZvUb2B5PzJGwCtFe0,Chasing Fire,Lauv,I met you when I was 18. (the playlist),7lqieLm717j9Z8JrG7POkS
12PHFzKIzHTZMFEZt6ljbp,Khayaal,Mitraz,Zehen,6V5jxNi2199mv78TkZMCox
50iiDJGpAPdr2VTrz999XA,House Of Balloons / Glass Table Girls,The Weeknd,Trilogy,5EbpxRwbbpCJUepbqVTZ1U
5fWBKbbsXFSgCpCQ69YhOi,I Hope You Change Your Mind,The Chainsmokers,So Far So Good,4nZ4dv1XvDE25Lf2MFhOqA
7J1dIWmxJoC0hhGFiFWy0s,Cassie,Chase Atlantic,Chase Atlantic,7C8uqokvE67UOlu1TiEYMd
5lT5IZWW3JQErXELJpQgJ9,Slow Down,Chase Atlantic,Paradise EP,7agIpPnZXBhJQcWHAvdQFx
0HqxMCPnThJ3An1QIeIzJF,OHMAMI,Chase Atlantic,BEAUTY IN DEATH (DELUXE EDITION),4tb9KRJe8FNjYIRbvtGTG5
0matCTSPUdFMTAr1YhCvaE,CALL ME BACK,Chase Atlantic,BEAUTY IN DEATH (DELUXE EDITION),4tb9KRJe8FNjYIRbvtGTG5
0R7ZwwhFav5BjkGg1astWd,MOLLY,Chase Atlantic,BEAUTY IN DEATH (DELUXE EDITION),4tb9KRJe8FNjYIRbvtGTG5
5PbTn8kCr3Zo685YtrINeQ,All the Answers,"McCone, Benedikte.",All the Answers,72ZGINBniYcDHEZrXLEWH4
0r4l1Eco6JEbeexC8dEawI,Lonely Eyes,Lauv,~how i'm feeling~,3ZuE680xhR1A4bCFGvL8mi
1m5NPDL8HaWLQ4RayHPcHN,No Longer Lost,Sumix,No Longer Lost,6zy4gy671X3i9AIOHDaef8
2gcWMnFiANbG6OMwk9uove,Stick Around,Sumix,Stick Around,75NhDjcyrW7SoZNRRyfwqs
1AxPKYDEiL1uNfJj0dk2sT,Different Lives,Fly By Midnight,Fictional Illustrations,3xrJrR589weA5sIkdMZuQh
5w40ZYhbBMAlHYNDaVJIUu,Chemical,Post Malone,Chemical,7qcSUc5Af63mhfTF60KTEA
7b3zTnrvxQpkl0940SBF5W,ugly,44phantom,ugly,7t6zzIar6ZEflGdgrUoAve
3USxtqRwSYz57Ewm6wWRMp,Heat Waves,Glass Animals,Dreamland,5bfpRtBW7RNRdsm3tRyl3R
73K33p4Vyz9koXGqmL5eFs,Malang Sajna,"Sachet Tandon, Parampara Tandon, Kumaar, Sachet-Parampara",Malang Sajna,7khRLZe8P6XcUoRgOa3nnf
4wg1XAyScZW4UdmGYnliWL,Naagin,"Taha G, Shahmeer Raza Khan",Naagin,6iZlAKFss2mevRNp3sZCmo
7DiL49IUNKaApx15sEiRgS,Paradise,Chase Atlantic,Paradise EP,7agIpPnZXBhJQcWHAvdQFx
2RNsweBBb1a6tAHXQtt2xH,"fuck, i'm lonely","Lauv, Anne-Marie",~how i'm feeling~,3ZuE680xhR1A4bCFGvL8mi
53LVgD7RguP5syVZfA76G7,Funk Song,"Kidjaywest, Talwiinder, Ikath",Funk Song,0ifu1eR55sv3ZZX0BvHsTp
0s26En1JoJhVj32vizElpA,Feelings,Lauv,~how i'm feeling~,6EgJXcGqaUvgZIF9bqPXfP
6wf7Yu7cxBSPrRlWeSeK0Q,"What Was I Made For? [From The Motion Picture ""Barbie""]",Billie Eilish,"What Was I Made For? [From The Motion Picture ""Barbie""]",3AafSrFIbJPH6BJHiJm1Cd
7t2bFihaDvhIrd2gn2CWJO,"Or Nah (feat. The Weeknd, Wiz Khalifa & DJ Mustard) - Remix","Ty Dolla $ign, The Weeknd, Wiz Khalifa, Mustard","Or Nah (feat. The Weeknd, Wiz Khalifa & DJ Mustard) [Remix]",3SHx7bBQFI4J8QRr6D5cOK
3Ro0jYDrZcygFkdomURHqt,Baarishein (Acoustic),Anuv Jain,Baarishein (Acoustic),2YzCwXR0mLizrGV0sRVF2I
2GjwIcOhi3zaaJMumJXvfP,I Found Her,Faime,I Found Her,5HbEQfwNoAbIpwuNK8XRf1
0Ot6e3wYVQQ1Us9PM977jE,A Little Death,The Neighbourhood,"Thank You,",5MOCeDoizSpQ4FnpX8VFky
0ILIuCVbnekvEFpQCWhP8a,Dancer in the Dark,Chase Atlantic,Chase Atlantic,7C8uqokvE67UOlu1TiEYMd
5dewQ7ojISR32NAYNHFYWC,HEAVEN AND BACK,Chase Atlantic,PHASES,22DL6IRGNYNenKej7aw8pO
4N1L4sd80b1E8FmWK7Xgcz,Can I Kiss You?,Dahl,Can I Kiss You?,3aGwjtgpKeXxoN2i3oBNr9
3XV5r1cMB2AlD2ir0v6mfm,The Way I Love You,"yaeow, Neptune",The Way I Love You,3K4LPKywpYV44mQtqt5mNH
0VpEX8ib3wE7u8NOw4szU6,Eyes Off You,PRETTYMUCH,Phases - EP,2eiprRNqzj5s3IPLvKsF6z
6J2LdBN97cDWn0MLxYh9HB,July,Noah Cyrus,THE END OF EVERYTHING,5Gn3fFzlWL89j0hGumtXb5
0qJO8QgG5C8mUyPA827c8R,Jannat,Mitraz,Jannat,4Bx8C5p2ElDIYTokkN7Ghz
6Xa2rrTpSLkpx887Y115mO,Butterflies,Abe Parker,Butterflies,2x3wUvuuBFYY0XEcm3Xp1U
7naseusM9pguk5GYGzYQCn,Love Me,RealestK,Dreams 2 Reality,63csfi2IBLJh9kozmsThfd
5YyXq5rzZyyEbNptsLFz3W,Khwahish,"Mitraz, Arooh",Khwahish,3wKQrDBnWrzHlJHZpULojv
5BKKKNwrebowaMoUdBaNby,Tu Aake Dekhle,King,The Carnival,5eF8So0MxcSwx5mWSG93QE
5ubHAQtKuFfiG4FXfLP804,Lego House,Ed Sheeran,+,02pi98kE0nra0yBqCStzbC
1d5lpW3gUyq537iuyrb9Lf,Samjho Na,Aditya Rikhari,Samjho Na,6qe761tZyhwboJVLXlXJ7B
5HO2RD12vZ5NcIdAULo43M,Best,Gracie Abrams,Good Riddance (Deluxe),78YYcghEDz2dHRx0EcDGXZ
0A1DZSozhyiAiUoja2onGk,Heart,"OTR, Shallou",Lost At Midnight,2ipEAI9zGgsbf0CSkYBVS6
1BKpgXxb9OgZfmQsHRcbls,Heart (feat. Madeline),"Forester, Madeline Megery",Heart (feat. Madeline),60TLg9E2U94FbEzeYJviHA
3rmqiQbzPDx7A8p88IRFKg,Love U Like That,Lauv,Love U Like That,4L1fTiCm419aQYUbfRJ3mA
3wrCg7ZkpuErUPpk1jHhRX,Everything You Want,Taska Black,Expectations (Deluxe),2HiF1JDaL3sj4IzK9baQlA
2u1SB650JRnVqOvJzqnW35,sound off,44phantom,"die sometime, it's good for u",04JMztBf0vX3JfxKIaifGa
4ot6NKbgd0YW7wWjt7OEUk,heartbeats,Hanniou,heartbeats,4wdhyoEc9R10ELjrC8LSdT
4hFZF8l3pJfFOtXs7K0nUJ,world,Zeph,crush (demos),6yngFpZeMWDDIz2Mlk4ToP
7uo2L5FAja3pWIBa3HJVeC,could you love me while i hate myself,Zeph,scared of everything,6qf1Qjmib5fOTb18Ju6uA9
1dQQ2QlnvXUehsRUrukKmf,Right Now,One Direction,Midnight Memories (Deluxe),7p1fX8aUySrBdx4WSYspOu
4nVBt6MZDDP6tRVdQTgxJg,Story of My Life,One Direction,Midnight Memories (Deluxe),7p1fX8aUySrBdx4WSYspOu
3P9pRL7V9yM9DhY6NGZjzA,Love Like This,ZAYN,Love Like This,5IFyTHAafGhBc6YmARuzt7
1wnVtgMo9DNEok7hiktu7Y,Dancing on a Dream (feat. Swae Lee),"Majid Jordan, Swae Lee",Wildest Dreams,2ZdYh11KscDPsVKtxQY0ev
5phAnst6hVsaKFKsFPlLaZ,Good Intentions,RINI,After the Sun,2o7NqE3uyImeUimjeCcFYz
5WedFiLoUyE1e9d5JpxMFl,Reputation,Post Malone,Twelve Carat Toothache (Deluxe),50MzJhO0pMjTsfpeOmZ1so
0Zs2AgKKvGcQ55ciaAgJd2,Tonight,ZAYN,Icarus Falls,1DF9B2hfwX4EdgEFwGcRwh
5HCyWlXZPP0y6Gqq8TgA20,STAY (with Justin Bieber),"The Kid LAROI, Justin Bieber",STAY (with Justin Bieber),4QLAtpLNUsHEYrcHXmMIZZ
0PKjvdyNNzkmhtBR4vBsrT,ME BECAUSE OF YOU,HRVY,ME BECAUSE OF YOU,1ZhhGxz8conPbSTREWccwC
1uIwVtzdG5tZT32O9wdXk9,Told You So,HRVY,Told You So,3wWxDWxgdDiQOrkMnLXOf5
5ejT19NfiINj4cFmjRHwAC,Love To Lay,The Weeknd,Starboy (Deluxe),35dut3ICqF3NEDkjxfzJJ1
4QYEtbfsqusrXN5A49LG53,Six Feet Under,The Weeknd,Starboy (Deluxe),35dut3ICqF3NEDkjxfzJJ1
2QRvliBEcGIEgTrjVfxmXo,True Colors,The Weeknd,Starboy (Deluxe),35dut3ICqF3NEDkjxfzJJ1
2cLOhJv1hQQRLBf3eVJOHV,All Mine,PLAZA,All Mine,2mrP3GHN30uCND9EiK8EkM
4RMqA9GixWNB7H6coZFXJN,What You Want,"Belly, The Weeknd",What You Want (feat. The Weeknd),4faVpCprX4qgLMgummXUJv
00Blm7zeNqgYLPtW6zg8cj,One Right Now (with The Weeknd),"Post Malone, The Weeknd",One Right Now,6fgSKdHloRioPrZ9oJC7FH
2ye9iWj5V4g6k6HFeTTAKa,High For This,The Weeknd,House Of Balloons (Original),7zCODUHkfuRxsUjtuzNqbd
6wQlQrTY5mVS8EGaFZVwVF,Smile (with The Weeknd),"Juice WRLD, The Weeknd",Legends Never Die,6n9DKpOxwifT5hOXtgLZSL
0BVendAi5irAAicD8aTVHM,Mulakaat,Mitraz,Zehen,6V5jxNi2199mv78TkZMCox
2dCrvLPU36Iv8p7Tq1Vy6V,Lamha,Hassan & Roshaan,Chaar Dinon Ka Khwaab,72qKpOx8VNdYxZriGFnBnz
1418IuVKQPTYqt7QNJ9RXN,Maan Meri Jaan,King,Champagne Talk,15CyNDuGY5fsG0Hn9rjnpG
1u5iYP6TTduVvYnPlLEMqt,Sara Zamana,Mitraz,Sara Zamana,5KJYklldePnNRugy44IneL
0ug5NqcwcFR2xrfTkc7k8e,Style,Taylor Swift,1989 (Deluxe),1yGbNOtRIgdIiGHOEBaZWf
1UtRBq2n0IlQNA1WI3axWX,Deep End,William Black,Pieces,2Mzaihfp9i7m6UO5HSRtHb
2ouNoo43UNurALLYLCapJv,Lie,Sasha Alex Sloan,Only Child,7v0KN0VlHJZrhAbSbxEZvZ
6IAZsKJm7aK5Gx9jB87fyK,On A Prayer,"Boy In Space, shy martin",On A Prayer,56dNO45a3jWrZK7uj04STI
7qiZfU4dY1lWllzX7mPBI3,Shape of You,Ed Sheeran,÷ (Deluxe),3T4tUhGYeRNVUGevb0wThu
0tgVpDi06FyKpA1z0VMD4v,Perfect,Ed Sheeran,÷ (Deluxe),3T4tUhGYeRNVUGevb0wThu
3p7XQpdt8Dr6oMXSvRZ9bg,Eyes Closed,Ed Sheeran,- (Deluxe),2WFFcvzM0CgLaSq4MSkyZk
6j5BK1cFX9TjJd5EXHGgAn,The Light,Juice WRLD,The Light,2thP70nudcFpvmRl3AsYRa
4l0Mvzj72xxOpRrp6h8nHi,Lose You To Love Me,Selena Gomez,Rare,3YPFaTR7WMi1Hd4NVKdCJx
6rz0dTA0PdhXImFV5EjM0w,Hide (feat. Seezyn),"Juice WRLD, Seezyn",Spider-Man: Into the Spider-Verse (Soundtrack From & Inspired by the Motion Picture),35s58BRTGAEWztPo9WqCIs
010ZkIVv6Ay5vqqHVCCiKB,"Fill The Void (with Lily Rose Depp, Ramsey)","The Weeknd, Lily-Rose Depp, Ramsey",The Idol Episode 4 (Music from the HBO Original Series),7tzVd1fwkxsorytCBjEJkU
61uyGDPJ06MkxJtHgPmuyO,Company,Justin Bieber,Purpose (Deluxe),6Fr2rQkZ383FcMqFyT7yPr
2FDTHlrBguDzQkp7PVj16Q,Sprinter,"Dave, Central Cee",Sprinter,5l0QlaI3wdZpE7ggoO5Rwg
5xP9lQYA8YQmQh6BOxcAnR,Popular (with Playboi Carti & Madonna) - The Idol Vol. 1 (Music from the HBO Original Series),"The Weeknd, Playboi Carti, Madonna",Popular [The Idol Vol. 1 (Music from the HBO Original Series)],2i0fbrz2Fb19AVpq7vWrfm
1sOW4PuG5X3Ie3EXUhAopJ,Escape From LA,The Weeknd,After Hours,4yP0hdKOZPNshxUOjY0cZj
221qmpQeBNV87sUjQeUTVH,Around Me (feat. Don Toliver),"Metro Boomin, Don Toliver",HEROES & VILLAINS,7txGsnDSqVMoRl6RQ9XyZP
6u0dQik0aif7FQlrhycG1L,The Morning,The Weeknd,Trilogy,5EbpxRwbbpCJUepbqVTZ1U
6oURWs2pULRYC9JAhLEaw8,Muskurahat,Mitraz,Muskurahat,57G6FAPEMtXBDKEcsatBa1
15Hh48XELbgkS3HQUC2hUq,Zehen,Mitraz,Zehen,6V5jxNi2199mv78TkZMCox
0rKtyWc8bvkriBthvHKY8d,SLOW DANCING IN THE DARK,Joji,BALLADS 1,34GQP3dILpyCN018y2k61L
6IuVmxZtP3h5wvErFpDcVR,Bedroom Floor,Liam Payne,LP1,5pbvTLpIZB3XWRuUS9ZxHm
3KkXRkHbMCARz0aVfEt68P,Sunflower - Spider-Man: Into the Spider-Verse,"Post Malone, Swae Lee",Spider-Man: Into the Spider-Verse (Soundtrack From & Inspired by the Motion Picture),35s58BRTGAEWztPo9WqCIs
2KdKh9vHbKW0tZLqtpxxI0,Honest (feat. Don Toliver),"Justin Bieber, Don Toliver",Honest,2luYA3MBCKI7SfK3K0U3xf
3NZJlJemX3mzjf56MqC5ML,Forever,Chris Brown,Forever,248cu9M1nYCijfXswwZ8uW
2BEcap3xJtmiPaHKyfQi4e,Nostálgico,"Rvssian, Rauw Alejandro, Chris Brown",Nostálgico,3752EkZZ1wjEzZ1MRd9rsV
6XHVuErjQ4XNm6nDPVCxVX,No Guidance (feat. Drake),"Chris Brown, Drake",Indigo,1BfLzaTFI5qKsAAk0Ae6aV
5IgjP7X4th6nMNDh4akUHb,Under The Influence,Chris Brown,Indigo (Extended),3okhA6w5uau6ZNhnVpwVww
394hdNuRnciqSxO7bDblIm,Psychic,"Chris Brown, Jack Harlow",Psychic (feat. Jack Harlow),3tW2vGd9sCAML9II3VC8yK
0grfvXep0gn5nXdQoHue1a,"Annihilate (Spider-Man: Across the Spider-Verse) (Metro Boomin & Swae Lee, Lil Wayne, Offset)","Metro Boomin, Swae Lee, Lil Wayne, Offset",METRO BOOMIN PRESENTS SPIDER-MAN: ACROSS THE SPIDER-VERSE (SOUNDTRACK FROM AND INSPIRED BY THE MOTION PICTURE / DELUXE EDITION),0rqRGFgE4o8kf6VM18jakx
1hkguHC33aftQObI7mOcoj,"Am I Dreaming (Metro Boomin & A$AP Rocky, Roisee)","Metro Boomin, A$AP Rocky, Roisee",METRO BOOMIN PRESENTS SPIDER-MAN: ACROSS THE SPIDER-VERSE (SOUNDTRACK FROM AND INSPIRED BY THE MOTION PICTURE / DELUXE EDITION),0rqRGFgE4o8kf6VM18jakx
5rurggqwwudn9clMdcchxT,"Calling (Spider-Man: Across the Spider-Verse) (Metro Boomin & Swae Lee, NAV, feat. A Boogie Wit da Hoodie)","Metro Boomin, Swae Lee, NAV, A Boogie Wit da Hoodie",METRO BOOMIN PRESENTS SPIDER-MAN: ACROSS THE SPIDER-VERSE (SOUNDTRACK FROM AND INSPIRED BY THE MOTION PICTURE),1bwbZJ6khPJyVpOaqgKsoZ
2Hh3ETdQKrmSI3QS0hme7g,Too Many Nights (feat. Don Toliver & with Future),"Metro Boomin, Future, Don Toliver",HEROES & VILLAINS,7txGsnDSqVMoRl6RQ9XyZP
0vjeOZ3Ft5jvAi9SBFJm1j,Superhero (Heroes & Villains) [with Future & Chris Brown],"Metro Boomin, Future, Chris Brown",HEROES & VILLAINS,7txGsnDSqVMoRl6RQ9XyZP
5wG3HvLhF6Y5KTGlK0IW3J,Trance (with Travis Scott & Young Thug),"Metro Boomin, Travis Scott, Young Thug",HEROES & VILLAINS,7txGsnDSqVMoRl6RQ9XyZP
0NLkVxf0PyxsXBG3EuZcJf,Gul,Anuv Jain,Gul,0aD1s9SFgIIZG95AzVhLC7
74kCarkFBzXYXNkkYJIsG0,Alag Aasmaan,Anuv Jain,Alag Aasmaan,2WSMj9vMUGTwAMq0fo1vXi
3Dby3p1m6IOZn2gIIqECgK,gold rush,Taylor Swift,evermore (deluxe version),6AORtDjduMM3bupSWzbTSG
2iv5ahGu8LX4jsO6EXPcQU,kitchen floor,clide,kitchen floor,3eSa4EMxCTLlmhaqMyNTrB
3GoJ58X4Mqh8xW76GBB1fn,Settle Down,"Fly By Midnight, Zaeden",Silver Crane,1ufCvsEshySWoAvaWRVMbl
5CwA7YPNAcXVJmazELgRc0,sometimes,Heather Sommer,sometimes,7Gk405ileQ0t9VFLo1YE9A
6Xgq7MvZiet0hVi3KaDSgJ,Holy (feat. Chance The Rapper),"Justin Bieber, Chance the Rapper",Justice,5dGWwsZ9iB2Xc3UKR0gif2
2Ns8sq8OFFcMHvK0BdKMuu,madly,"Emily Vaughn, Joseph Tilley, we're ok!",grown ups,7g3vcS4izrLwRHOXshrWup
2vXKRlJBXyOcvZYTdNeckS,Lost in the Fire (feat. The Weeknd),"Gesaffelstein, The Weeknd",Hyperion,0JA38Ekhsv43y2lBj5GQkQ
53pcTIVGVE58vWWM7hfYPl,Tornado Warnings,Sabrina Carpenter,emails i can’t send fwd:,2g4aJTa5ejGpp0O0GKzWAQ
2PF942PpnXkvXgLjphm8gG,Fast Times,Sabrina Carpenter,emails i can’t send fwd:,2g4aJTa5ejGpp0O0GKzWAQ
436RVcyrHyXdqYNWGYMxx5,skinny dipping,Sabrina Carpenter,emails i can’t send fwd:,2g4aJTa5ejGpp0O0GKzWAQ
27Jko74ZSVY1kwt0vMY6Pu,opposite,Sabrina Carpenter,emails i can’t send fwd:,2g4aJTa5ejGpp0O0GKzWAQ
0AyXOhs2iZAS3sOJbi1Kvq,Windowsill (feat. Devlin),"ZAYN, Devlin",Nobody Is Listening,2yuQqhSklmfWgn8lmJNk5t
6ZHRi0QxzSnlevyhyNkj4a,Sweat,ZAYN,Nobody Is Listening,2yuQqhSklmfWgn8lmJNk5t
6bL1Rqcx1RXG6VsMmrYN8F,When Love's Around (feat. Syd),"ZAYN, Syd",Nobody Is Listening,2yuQqhSklmfWgn8lmJNk5t
6T6D9CIrHkALcHPafDFA6L,Vibez,ZAYN,Nobody Is Listening,2yuQqhSklmfWgn8lmJNk5t
6f8cT6qJ1KqqVXjx0xRJBt,Outside,ZAYN,Nobody Is Listening,2yuQqhSklmfWgn8lmJNk5t
5CBnWXD8M7e8Q6WubFLtXy,Better,ZAYN,Nobody Is Listening,2yuQqhSklmfWgn8lmJNk5t
4P9Q0GojKVXpRTJCaL3kyy,All Of The Girls You Loved Before,Taylor Swift,All Of The Girls You Loved Before,1Uauz6ql2dIPvIOH4JiuhD
1BxfuPKGuaTgP7aM0Bbdwr,Cruel Summer,Taylor Swift,Lover,1NAmidJlEaVgA3MpcPFYGq
1u8c2t2Cy7UBoG4ArRcF5g,Blank Space,Taylor Swift,1989 (Deluxe),1yGbNOtRIgdIiGHOEBaZWf
1TQXIltqoZ5XXyfCbAeSQQ,Dancing With Your Ghost,Sasha Alex Sloan,Dancing With Your Ghost,3I677CWVoiOsbMxOQzjShB
5ixnguUMnrlwoUH7hhb6gQ,Does It Mean I Love U,Friends & I,Does It Mean I Love U,5XTbydlsOCs6SSAhOPQcsi
77roiKUXNxJC82w6ZCi1oo,madly,"Emily Vaughn, Joseph Tilley, we're ok!",madly,64QSoRfC6XEqQezeCtFn5j
6DP8InyxdyYChHb2tcV6ia,ALLERGIC,clide,ALLERGIC,2Ftd8lx8OfGra32bqFbu1f
2uFTnCmw9n08yGWU6qf1vk,you heard me,Heather Sommer,you heard me,3eReJprP0L4nnaGDsJRbK6
2D4dV2KXDTszzJ3p3cFqhA,Less Than Zero,The Weeknd,Dawn FM,2nLOHgzXzwFEpl62zAgCEC
2SLwbpExuoBDZBpjfefCtV,Out of Time,The Weeknd,Dawn FM,2nLOHgzXzwFEpl62zAgCEC
1nH2PkJL1XoUq8oE6tBZoU,Sacrifice,The Weeknd,Dawn FM,2nLOHgzXzwFEpl62zAgCEC
2Ghp894n1laIf2w98VeAOJ,How Do I Make You Love Me?,The Weeknd,Dawn FM,2nLOHgzXzwFEpl62zAgCEC
3KyKxJ4P3pVCgaZwaq2rUC,Gasoline,The Weeknd,Dawn FM,2nLOHgzXzwFEpl62zAgCEC
1cQ3LIkZE68pMSnPhZWXLu,Earned It (Fifty Shades Of Grey),The Weeknd,The Highlights,5L5evi5tJPh8WaEFAQp7Tp
7uJH0YdSZL6psjxI6Xy08b,Acquainted,The Weeknd,Beauty Behind The Madness,0P3oVJBFOv3TDXlYRhGL7s
4PhsKqMdgMEUSstTDAmMpg,Often,The Weeknd,Beauty Behind The Madness,0P3oVJBFOv3TDXlYRhGL7s
09mEdoA6zrmBPgTEN5qXmN,Call Out My Name,The Weeknd,"My Dear Melancholy,",4qZBW3f2Q8y0k1A84d4iAO
2p8IUWQDrpjuFltbdgLOag,After Hours,The Weeknd,After Hours,4yP0hdKOZPNshxUOjY0cZj
7szuecWAPwGoV1e5vGu8tl,In Your Eyes,The Weeknd,After Hours,4yP0hdKOZPNshxUOjY0cZj
3orEOtd8CPL8GFlpRpKuoE,Faith,The Weeknd,After Hours,4yP0hdKOZPNshxUOjY0cZj
6bnF93Rx87YqUBLSgjiMU8,Heartless,The Weeknd,After Hours,4yP0hdKOZPNshxUOjY0cZj
3WlbeuhfRSqU7ylK2Ui5U7,Snowchild,The Weeknd,After Hours,4yP0hdKOZPNshxUOjY0cZj
4BGZF4oLbTL0pWm7C18pbv,Scared To Live,The Weeknd,After Hours,4yP0hdKOZPNshxUOjY0cZj
3dhjNA0jGA8vHBQ1VdD6vV,I Feel It Coming,"The Weeknd, Daft Punk",Starboy,2ODvWsOgouMbaA5xf0RkJe
2Ch7LmS7r2Gy2kc64wv3Bz,Die For You,The Weeknd,Starboy,2ODvWsOgouMbaA5xf0RkJe
4EDijkJdHBZZ0GwJ12iTAj,Stargirl Interlude,"The Weeknd, Lana Del Rey",Starboy,2ODvWsOgouMbaA5xf0RkJe
37F0uwRSrdzkBiuj0D5UHI,Reminder,The Weeknd,Starboy,2ODvWsOgouMbaA5xf0RkJe
4VMRsbfZzd3SfQtaJ1Wpwi,Double Fantasy (with Future),"The Weeknd, Future",Double Fantasy,0Ct52rooGyvjv6qXrBPNzm
2LBqCSwhJGcFQeTHMVGwy3,Die For You,The Weeknd,Starboy,4AdZV63ycxFLF6Hcol0QnB
2dHHgzDwk4BJdRwy9uXhTO,Creepin' (with The Weeknd & 21 Savage),"Metro Boomin, The Weeknd, 21 Savage",HEROES & VILLAINS,7txGsnDSqVMoRl6RQ9XyZP
4W4fNrZYkobj539TOWsLO2,Die For You (with Ariana Grande) - Remix,"The Weeknd, Ariana Grande",Starboy (Deluxe),35dut3ICqF3NEDkjxfzJJ1
7CoMBpPTwQi2wPT0U0Nr9b,State Lines,Novo Amor,Birthplace,0tWckYjFI6ioZptLr42J3p
7qH9Z4dJEN0l9bidizW7fq,Anchor,Novo Amor,Bathing Beach,4vGuMdwnxc6X8izbVS6MTN
0JP9xo3adEtGSdUEISiszL,Moonlight,XXXTENTACION,?,2Ti79nwTsont5ZHfdxIzAm
2xql0pid3EUwW38AsywxhV,Reflections,The Neighbourhood,Hard To Imagine The Neighbourhood Ever Changing,0ODLCdHBFVvKwJGeSfd1jy
7DVcgqaCDXtwZIjRTPb8bm,Wings,Jonas Brothers,The Album,7aq7a226T631f2w1Vs1vXx
4inPxqHrj9VmjLx5JCDCV4,Waffle House,Jonas Brothers,The Album,7aq7a226T631f2w1Vs1vXx
44SDwuvTP3NeCmigJAyYnO,Little Bird,Jonas Brothers,The Album,7aq7a226T631f2w1Vs1vXx
65TEq7dGSh9sKjh1pgA3lT,Summer In The Hamptons,Jonas Brothers,The Album,7aq7a226T631f2w1Vs1vXx
2CfFt0QtXgQuPeEsJjPtGR,Vacation Eyes,Jonas Brothers,The Album,7aq7a226T631f2w1Vs1vXx
2jpVAeVwDtvOwdyUYH3NxN,Montana Sky,Jonas Brothers,The Album,7aq7a226T631f2w1Vs1vXx
2dpaYNEQHiRxtZbfNsse99,Happier,"Marshmello, Bastille",Happier,78EicdHZr5XBWD7llEZ1Jh
6xsGllAEwkmF4SSDwdpmMt,Cold Water,"Major Lazer, Justin Bieber, MØ",Major Lazer Essentials,119bVZNQb7i9O8npzgqNGq
37sINbJZcFdHFAsVNsPq1i,Superheroes,The Script,No Sound Without Silence,6yd9yk8nFcHalXzy7mgaDx
0tBbt8CrmxbjRP0pueQkyU,Wolves,"Selena Gomez, Marshmello",Wolves,5gQZvWM1o8NkQndueJtZcP
3QGsuHI8jO1Rx4JWLUh9jd,Treat You Better,Shawn Mendes,Illuminate,1ne2D0NxoGyZd31gAM4HNd
7qEHsqek33rTcFNT9PFqLf,Someone You Loved,Lewis Capaldi,Divinely Uninspired To A Hellish Extent,5658aM19fA3JVwTK6eQX70
0ch8PUB8JRTMJqmdmfY46U,Photograph,Ed Sheeran,x (Wembley Edition),0MeOIA0wwSa6nW79jy8QcZ
3vv9phIu6Y1vX3jcqaGz5Z,Roses,"The Chainsmokers, ROZES",Roses,2GFflENKz28RcMoSuulPZC
6wJwkMo278iWVlWl1XQ4WA,The Heart Wants What It Wants,Selena Gomez,The Heart Wants What It Wants,2iFTxCYwhF5oC1L8s1B0rI
1x5sYLZiu9r5E43kMlt9f8,Symphony (feat. Zara Larsson),"Clean Bandit, Zara Larsson",Symphony (feat. Zara Larsson),4b13SJlne61y53KSEwuQtD
190jyVPHYjAqEaOGmMzdyk,Beauty And A Beat,"Justin Bieber, Nicki Minaj",Believe (Deluxe Edition),70f70xLCpH7wHaVvB2oZT9
1VdZ0vKfR5jneCmWIUAMxK,The A Team,Ed Sheeran,+,0W5GGnapMz0VwemQvJDqa7
1XGmzt0PVuFgQYYnV2It7A,Payphone,"Maroon 5, Wiz Khalifa",Overexposed Track By Track,6ijGiBcBfUwkoyHn5VUHU2
0PDUDa38GO8lMxLCRc4lL1,PILLOWTALK,ZAYN,Mind Of Mine (Deluxe Edition),5amj9zNeZ3B2EdpBgXrOZ0
6FE2iI43OZnszFLuLtvvmg,Classic,MKTO,MKTO,5IenxFp0vpnXBUxPcwJtbE
2ls70nUDfjzm1lSRDuKxmw,Blank Space,Taylor Swift,1989,5fy0X0JmZRZnVa2UEicIOl
53Pgsvu3qSYO2aXt5J2vcL,Lego House,Ed Sheeran,+,0W5GGnapMz0VwemQvJDqa7
514rhnksEwHUh6LxXsQ4Y9,Back To You,Selena Gomez,13 Reasons Why (Season 2),4RpgjxgSxcRwGNuWnImneN
064tgRK6FYBwikCdxaHFV1,Comeback,Jonas Brothers,Happiness Begins,1Uf67JAtkVWfdydzFFqNF2
4wNIkl5XGiAACjFBlDWuSd,What A Man Gotta Do,Jonas Brothers,What A Man Gotta Do,3SgvmlSsTrMuqICaOTlo0p
4qu63nuBpdn0qHUHuObEj1,Leave Before You Love Me (with Jonas Brothers),"Marshmello, Jonas Brothers",Leave Before You Love Me,66JuK41D3LpkbX3HCTGcQk
5iE3eUH2WGCXcE2xr6DEmU,Waffle House,Jonas Brothers,Waffle House,7lWGbTl1g2VxxWg9fDvF99
3S8jK1mGzQi24ilFb45DAZ,Lonely (with benny blanco),"Justin Bieber, benny blanco",Justice,5dGWwsZ9iB2Xc3UKR0gif2
2WnAKZefdRHxtBEkRjFOHC,Anyone,Justin Bieber,Justice,5dGWwsZ9iB2Xc3UKR0gif2
2tB9OFgAHjAds3cqquLlvp,Loved By You (feat. Burna Boy),"Justin Bieber, Burna Boy",Justice,5dGWwsZ9iB2Xc3UKR0gif2
27UcQ6dAvQrgH9C880rCM3,Love You Different (feat. BEAM),"Justin Bieber, BEAM",Justice,5dGWwsZ9iB2Xc3UKR0gif2
4iJyoBOLtHqaGxP12qzhQI,Peaches (feat. Daniel Caesar & Giveon),"Justin Bieber, Daniel Caesar, GIVĒON",Justice,5dGWwsZ9iB2Xc3UKR0gif2
1nahzW3kfMuwReTka28tH5,Hold On,Justin Bieber,Justice,5dGWwsZ9iB2Xc3UKR0gif2
7aely3H8kMj9o0gt6vXHE1,Die For You (feat. Dominic Fike),"Justin Bieber, Dominic Fike",Justice,5dGWwsZ9iB2Xc3UKR0gif2
137mSruegm1u6x9NvwiagR,Unstable (feat. The Kid LAROI),"Justin Bieber, The Kid LAROI",Justice,5dGWwsZ9iB2Xc3UKR0gif2
6F2r4HgpJnvKDmkN6JEN6J,As I Am (feat. Khalid),"Justin Bieber, Khalid",Justice,5dGWwsZ9iB2Xc3UKR0gif2
5NU40QTlXrDUJzDBdv79bg,Deserve You,Justin Bieber,Justice,5dGWwsZ9iB2Xc3UKR0gif2
0RiRZpuVRbi7oqRdSMwhQY,Sunflower - Spider-Man: Into the Spider-Verse,"Post Malone, Swae Lee",Hollywood's Bleeding,4g1ZRSobMefqF6nelkgibi
3GCdLUSnKSMJhs4Tj6CV3s,"All The Stars (with SZA) - From ""Black Panther: The Album""","Kendrick Lamar, SZA",Black Panther The Album Music From And Inspired By,3pLdWdkj83EYfDN6H2N8MR
1j4kHkkpqZRBwE0A4CN4Yv,Dusk Till Dawn (feat. Sia) - Radio Edit,"ZAYN, Sia",Dusk Till Dawn (feat. Sia) [Radio Edit],5l5gR4rh26QI3fijGFTDrp
1SOClUWhOi8vHZYMz3GluK,Infinity,Jaymes Young,Feel Something,6MuWCR3WPjwyKhqsTKLZ3z
1Pw5C4N6Fn5E4mGCxmbbVa,Say You Won't Let Go,James Arthur,Say You Won't Let Go,0BL67dR6x0CPU7B7J9P8qC
2RttW7RAu5nOAfq6YFvApB,Happier,Ed Sheeran,÷ (Deluxe),3T4tUhGYeRNVUGevb0wThu
2BgEsaKNfHUdlh97KmvFyo,2002,Anne-Marie,Speak Your Mind (Deluxe),7lPoGKpCGgdKFAxpudhAH5
5p7ujcrUXASCNwRaWNHR1C,Without Me,Halsey,Without Me,0zzrCTzvL4ZmR42xF46Afm
2gMXnyrvIjhVBUZwvLZDMP,Before You Go,Lewis Capaldi,Divinely Uninspired To A Hellish Extent (Extended Edition),2wiPF3m0ylst0JSk1IvZL8
2Bs4jQEGMycglOfWPBqrVG,Steal My Girl,One Direction,FOUR (Deluxe),4gCNyS7pidfK3rKWhB3JOY
4evmHXcjt3bTUHD1cvny97,Beautiful People (feat. Khalid),"Ed Sheeran, Khalid",Beautiful People (feat. Khalid),3E12WU80fDMyu7GyIAx7wJ
3ZCTVFBt2Brf31RLEnCkWJ,everything i wanted,Billie Eilish,everything i wanted,4i3rAwPw7Ln2YrKDusaWyT
630sXRhIcfwr2e4RdNtjKN,Rewrite The Stars,"Zac Efron, Zendaya",Rewrite The Stars,0mRqi6mOvyVVVEIfFFfWXU
6LsAAHotRLMOHfCsSfYCsz,If I Can't Have You,Shawn Mendes,If I Can't Have You,1J2BrRxtQjVUa7X9Ne99xD
7vGuf3Y35N4wmASOKLUVVU,Silence,"Marshmello, Khalid",Silence,2bw00gRKNKbTFOqCkohbSh
2wrJq5XKLnmhRXHIAf9xBa,"10,000 Hours (with Justin Bieber)","Dan + Shay, Justin Bieber","10,000 Hours (with Justin Bieber)",4ow6xJwn49gpWz7iHpOzWY
3fVnlF4pGqWI9flVENcT28,Wildest Dreams,Taylor Swift,1989,5fy0X0JmZRZnVa2UEicIOl
3NLnwwAQbbFKcEcV8hDItk,Perfect,One Direction,Made In The A.M. (Deluxe Edition),1gMxiQQSg5zeu4htBosASY
2bjUEg4jBtKBlPdNrTAppI,Easier,5 Seconds of Summer,CALM,46K4raQPIGem3N031upNj9
1dGr1c8CrMLDpV6mPbImSI,Lover,Taylor Swift,Lover,1NAmidJlEaVgA3MpcPFYGq
21jGcNKet2qwijlDFuPiPb,Circles,Post Malone,Hollywood's Bleeding,4g1ZRSobMefqF6nelkgibi
2kJwzbxV2ppxnQoYw4GLBZ,If the World Was Ending (feat. Julia Michaels),"JP Saxe, Julia Michaels",If the World Was Ending (feat. Julia Michaels),7BrlhEO8dHiNmU8A1Ep9RZ
5O2P9iiztwhomNh8xkR9lJ,Night Changes,One Direction,FOUR (Deluxe),4gCNyS7pidfK3rKWhB3JOY
7LpMG3AEaIJgs62HQhAa91,i'm so tired...,"Lauv, Troye Sivan",~how i'm feeling~,3ZuE680xhR1A4bCFGvL8mi
0OJN2A3Qyvd7pwSF0AIteC,Keep You Mine,"NOTD, shy martin",Keep You Mine,6r3wtqeQLGFb59YJWz2jHC
0nhBKubnVz9yFNNprBniWz,YOUTH,Troye Sivan,Blue Neighbourhood (Deluxe),2mRBvhDWqm8Fj2U0F6mMY4
0EcQcdcbQeVJn9fknj44Be,I Like Me Better,Lauv,I met you when I was 18. (the playlist),71cQY3dUThCY6vVKaUIXqR
7iUvAa3bxGrNoVmpjZyWOU,CWJBHN,"Jake Scott, Josie Dunne",TWENTY TWENTY,3DyTbFaUxKb9LIGLjp1Dxx
4CaPCosGo0RLxfZQcqlXP2,Never Let You Go (Stripped),"My Buddy Mike, Jessie Villa",Never Let You Go (Stripped),7yCupAKOtu3OluoX9e1POn
28a0aMV1OKoyNiCJuNsWrY,That’s Not How This Works (feat. Dan + Shay),"Charlie Puth, Dan + Shay",That’s Not How This Works (feat. Dan + Shay),67IEDkeGYxOvS2RvcarzrT
0V3wPSX9ygBnCm8psDIegu,Anti-Hero,Taylor Swift,Midnights,151w1FgRZfnKZA9FEcg9Z3
4BoWM5jPzcJQTOehHM6rd4,Say Less,Rosie Darling,Golden Age,1UlArx9Z3TTgNGwOQ2yubC
768eZ69L0HODV9UlcriGaq,All My Days,Forester,A Range of Light,5TB7mKRYc9jZ4pP6YGMpGV
1nfYgAwhHh37Kl6Z0YQf7Q,carpool,Zachary Knowles,tendency to be a loner,65gYIY8CGaLB852cyVhvFI
4Fw6IRoF1EWKy6AxJt4IDe,Wish On An Eyelash Pt. 2,"Mallrat, The Chainsmokers",Wish On An Eyelash Pt. 2,6yYEd6VlsfTuKIi7VQcdT0
6Qs4SXO9dwPj5GKvVOv8Ki,Dancing With A Stranger (with Normani),"Sam Smith, Normani",Dancing With A Stranger (with Normani),1V9oE8bVilClrk5naqyyvL
38o5lj4mbLK34vQkJUlMrg,London,Mokita,London,75FQknIE9CKLj66rYEqoaD
34MruoNGQNNy5OZJ9czg0x,Faaslay,"Miracle Mangal, Annural Khalid, Umair, Wali Aleem",MM005,5k5Pm7PhTPmxOY6RfYMUxF
7712gjoih4QoDbXpljEk21,Paris,Taylor Swift,Midnights (3am Edition),3lS1y25WAhcqJDATJK70Mq
0U7gnFurjO4uzKhHmqT8ZT,Leave My Heart Alone,Jake Miller,Leave My Heart Alone,02isKgvDxiPyrUiKBVgiFH
5ZpIsCmJtMAyTvz8Z3bGXX,There's No Way,"Lauv, Julia Michaels",There's No Way,3O3tXfvUABFjMwtMK2XxM2
6zeeWid2sgw4lap2jV61PZ,Better,Khalid,Suncity,2Qxc2NJ7yPKVFRWi3llRr2
3eng6TJxpqjvDkxRpnfnhB,Big Plans,Why Don't We,Big Plans,085TF4mnNbXQT0m2X05cb0
5SlU0Yhi51jobhEiGE4xDv,2 soon,keshi,2 soon,5TfGMgtbj2pU60Hk7DT5Yb
2MRfEJTfX12xPY0vx4STNe,No More Drama,Charlie Puth,CHARLIE,5Jk4Eg7pxYhDrWJCVVzmMt
2IzUjVfO3UrAY73UjHHsGi,Love Somebody,Lauv,Without You,6WtvmIQ1CPfH7vI2C0wn1E
0Eqg0CQ7bK3RQIMPw1A7pl,Malibu Nights,LANY,Malibu Nights,6SWmGozzQDUaczHXMuE8Za
2wXioTynVwrEWYRv6R6vEj,Void,The Neighbourhood,Hard To Imagine The Neighbourhood Ever Changing,0ODLCdHBFVvKwJGeSfd1jy
1YnugEwY3ZIH06jSbX7Qf6,Showing You Off,Jake Miller,Silver Lining,0L4gFC7xAid9P7Kj8rIhkf
28OgLFa33FOdSp9LiP31et,Drinkin About You,Jake Miller,Silver Lining,0L4gFC7xAid9P7Kj8rIhkf
2GDeyAzqMnskQe6mNP22jV,Leave My Heart Alone,Jake Miller,BASED ON A TRUE STORY II,3bAUbpLC4nG9GMQxm9qzAa
7cAFrpq9c6nJJcnF04ah39,Click,Jake Miller,Silver Lining II,1XXSATOgeCXLaDRLDGfs6Y
6aZ8xwHXBLY8Cph8GWdtWr,Automatic (feat. Jake Miller),"Fly By Midnight, Jake Miller",Automatic (feat. Jake Miller),1IdzMQFuJMSAj4Sv1J53Kt
2XrMjGhpgMZp5qzD4iThEp,Wish On An Eyelash,Mallrat,Butterfly Blue,4jeFaZ3TvNTgHAdTFzTKoF
4c37fNeMZH98oIqGYVGF0o,Memories,The Midnight,Endless Summer,4Krg8zvprquh7TVn9OxZn8
2rSgzj1Yk2QSgPHuWb5Nh0,Last Train,The Midnight,Monsters,1WKMbxcldmwnXaCIGgEpUW
1Mk77ZCLBBMquaupM9kndp,Brooklyn,The Midnight,Monsters,1WKMbxcldmwnXaCIGgEpUW
1Scn2kXjrAyH73dWjOZ3uC,Aerostar,The Midnight,Heroes,4oW03FMm0t1yYIa0RjBl12
1JMzrJCU3dIR0TDEhEDDe5,Heart Worth Breaking,The Midnight,Heroes,4oW03FMm0t1yYIa0RjBl12
4loXMor75kKVBB03ygwDlh,Los Angeles,The Midnight,Days of Thunder,54xM746igJkdPJenRhW1za
6YyJoHBfPjCCeiBfW1dv4r,Last Time,Anson Seabra,Songs I Wrote in My Bedroom,46NEhlXaMzNTg19kSBthTv
01Q3OyB05mLgH01fpdAMPP,Wait,M83,"Hurry up, We're Dreaming",6EB14IXV5oyOiItGBv7mtG
2GiJYvgVaD2HtM8GqD9EgQ,Electric Love,BØRNS,Dopamine,17l7MIu0Jh0tdgK7or9ovw
3n3Oags848AKzbYH6qz5qX,Run It (feat. Annika Wells),"Midnight Kids, Annika Wells",The Lost Youth,0BVWINRI9mlPUFHkdXvCH4
3mRWkQTwau3cl5u2WYE2pt,I Think There's Something You Should Know,The 1975,Notes On A Conditional Form,0o5xjCboti8vXhdoUG9LYi
5ICjRLHOxUv6gcRbr2ux9Z,Never Had a Chance,Katherine Li,Never Had a Chance,5SU6TQaPF0wDCXpU9l585n
7tN0ceaX3JAz6aVtyXn9mn,Chills,Why Don't We,Chills,73MA39KSFI537siPGXAb8q
1LWYInY2Cl77jqgF4U1CJd,2009,glaive,cypress grove,0cF9M8eWDJfgbf0XtyrTL9
4JeOesjcWWlprTAvucDSJX,People Watching,Conan Gray,People Watching,03HTFr18vhLwCLFq6kWHIw
0ri0Han4IRJhzvERHOZTMr,At My Worst,Pink Sweat$,The Prelude,3Qj2vsFzmaB8jcH6Q60WIG
7MXVkk9YMctZqd1Srtv4MB,Starboy,"The Weeknd, Daft Punk",Starboy,2ODvWsOgouMbaA5xf0RkJe
0VjIjW4GlUZAMYd2vXMi3b,Blinding Lights,The Weeknd,After Hours,4yP0hdKOZPNshxUOjY0cZj
4KspcmqegtSGIwJSHmfGzb,you were good to me (bonus track),"Jeremy Zucker, Chelsea Cutler",How To Be Human,2oOAjpOoHkiOjFGsf2sION
1eZ4lvugUs2OtWA8w6xJH1,Strangers Again,Chelsea Cutler,How To Be Human,2oOAjpOoHkiOjFGsf2sION
3smojYio5nhiHV6Tgfwg6O,You Are Losing Me,Chelsea Cutler,How To Be Human,2oOAjpOoHkiOjFGsf2sION
2NPQbiRn9f5JWlCgNLNZJn,Sad Tonight,Chelsea Cutler,How To Be Human,2oOAjpOoHkiOjFGsf2sION
5roq76ChzYAVVEIEDXalZv,Don't Say,"Hoang, Nevve",Don't Say,25dVnKvRw7pCYJ6xinSQjj
4HwDCXsMBC7SUdp2WT4MZP,Into It,Chase Atlantic,Chase Atlantic,7C8uqokvE67UOlu1TiEYMd
3M0lSi5WW79CXQamgSBIjx,Swim,Chase Atlantic,Chase Atlantic,7C8uqokvE67UOlu1TiEYMd
6lDfHLmWTr1JnVgQhVBy41,Selfish,SAINt JHN,Collection One,6SInUyQqx0RZaVTSEioHkD
4zRZAmBQP8vhNPf9i9opXt,8 Letters,Why Don't We,8 Letters,2qIbHfs93z6eDwGoAdCkXA
7weX6syqklVQocpVVmDNwI,Love Back,Why Don't We,Love Back,4WVPdkba5QybMBD8szrRwB
6GeD5g9vZTz25Egf8kxoIY,Last Day Alive,"The Chainsmokers, Florida Georgia Line",Memories...Do Not Open,4JPguzRps3kuWDD5GS6oXr
1KeZgPUr54C8iz3FjqzVoz,Young,The Chainsmokers,Memories...Do Not Open,4JPguzRps3kuWDD5GS6oXr
0dj1CtyRxZ4bnIT4Q20jNT,Wake Up Alone,"The Chainsmokers, Jhené Aiko",Memories...Do Not Open,4JPguzRps3kuWDD5GS6oXr
1pJQAHpD51J7GYaFrrFO9S,Don't Say,"The Chainsmokers, Emily Warren",Memories...Do Not Open,4JPguzRps3kuWDD5GS6oXr
26AuyrZGzWWiYZPSd3XBIg,Bloodstream,The Chainsmokers,Memories...Do Not Open,4JPguzRps3kuWDD5GS6oXr
0wfbD5rAksdXUzRvMfM3x5,The One,The Chainsmokers,Memories...Do Not Open,4JPguzRps3kuWDD5GS6oXr
3D110t9ctcoOoylXsc3iR8,Thick And Thin,LANY,Malibu Nights,6SWmGozzQDUaczHXMuE8Za
44B3uWYmdlYJ9GMcJXWkVI,Sleeping With Strangers,Jake Miller,2:00am in LA,7mMBIBLS1Ye2NgJWjbqbJy
28tY7rJ0st6uqlZ1ewDGI7,Parties,Jake Miller,2:00am in LA,7mMBIBLS1Ye2NgJWjbqbJy
2RJAKIw6nIkgZVsAIKhmqz,In My Head,Juice WRLD,In My Head,4I00tpvL54vnWy49vH5fRK
3T06rGO2dVEntMvym0vpQu,Empty,Juice WRLD,Death Race For Love (Bonus Track Version),1btu0SV2DOI5HoFsvUd78F
6BjtaWm1T4kDWAqHrf8vEi,Legends,Juice WRLD,Fighting Demons (Deluxe),1typPCwqyXMfFpvDZAyKew
2aaUTdC6YQqEZiQEk8wPxK,Rockstar In His Prime,Juice WRLD,Fighting Demons (Deluxe),1typPCwqyXMfFpvDZAyKew
2DQayQSTaomynGyTLXzGs0,Wandered To LA (with Justin Bieber),"Juice WRLD, Justin Bieber",Fighting Demons (Deluxe),1typPCwqyXMfFpvDZAyKew
0veO6y9anwdVTaRuW7y8NJ,You Wouldn't Understand,Juice WRLD,Fighting Demons (Deluxe),1typPCwqyXMfFpvDZAyKew
1hB3M3POeKMLxcEFEvPeqU,Already Dead,Juice WRLD,Fighting Demons (Deluxe),1typPCwqyXMfFpvDZAyKew
21CkzgKCBCq5V4XKjiGSIj,Stay High,Juice WRLD,Legends Never Die,6n9DKpOxwifT5hOXtgLZSL
7pbg3ABlAZv2NiIdKbBBFm,Up Up And Away,Juice WRLD,Legends Never Die,6n9DKpOxwifT5hOXtgLZSL
2SVx3uds6jTWALFxevIWMA,I Want It,Juice WRLD,Legends Never Die,6n9DKpOxwifT5hOXtgLZSL
5wWAwzGp2OaaoIkwcz6wZs,Life's A Mess (feat. Halsey),"Juice WRLD, Halsey",Legends Never Die,6n9DKpOxwifT5hOXtgLZSL
5dOxHHMOFAbG3VH23t0xNm,Righteous,Juice WRLD,Legends Never Die,6n9DKpOxwifT5hOXtgLZSL
7d94IqWX2UmSKMGUYSGFJG,Bad Energy,Juice WRLD,Legends Never Die,6n9DKpOxwifT5hOXtgLZSL
2U5WueTLIK5WJLD7mvDODv,Wishing Well,Juice WRLD,Legends Never Die,6n9DKpOxwifT5hOXtgLZSL
6iaSML1PIYq936g62BDtBq,Robbery,Juice WRLD,Death Race For Love (Bonus Track Version),1btu0SV2DOI5HoFsvUd78F
3oDkdAySo1VQQG0ptV7uwa,Lean Wit Me,Juice WRLD,Goodbye & Good Riddance,6tkjU4Umpo79wwkgPMV3nZ
1fCeXjoRExPP2qwSBh2aST,Black & White,Juice WRLD,Goodbye & Good Riddance,6tkjU4Umpo79wwkgPMV3nZ
285pBltuF7vW8TeWk8hdRR,Lucid Dreams,Juice WRLD,Goodbye & Good Riddance,6tkjU4Umpo79wwkgPMV3nZ
4VXIryQMWpIdGgYR4TrjT1,All Girls Are The Same,Juice WRLD,Goodbye & Good Riddance,6tkjU4Umpo79wwkgPMV3nZ
0hVXuCcriWRGvwMV1r5Yn9,I Don't Care (with Justin Bieber),"Ed Sheeran & Justin Bieber, Justin Bieber",No.6 Collaborations Project,3oIFxDIo2fwuk4lwCmFZCx
70eFcWOvlMObDhURTqT4Fv,Beautiful People (feat. Khalid),"Ed Sheeran, Khalid",No.6 Collaborations Project,3oIFxDIo2fwuk4lwCmFZCx
6VzcQuzTNTMFnJ6rBSaLH9,Fine Line,Harry Styles,Fine Line,7xV2TzoaVc0ycW7fwBwAml
3jjujdWJ72nww5eGnfs2E7,Adore You,Harry Styles,Fine Line,7xV2TzoaVc0ycW7fwBwAml
6uvh0In7u1Xn4HgxOfAn8O,Matilda,Harry Styles,Harry's House,5r36AJ6VOJtp00oxSkBZ5h
6UelLqGlWMcVH1E5c4H7lY,Watermelon Sugar,Harry Styles,Fine Line,7xV2TzoaVc0ycW7fwBwAml
4Dvkj6JhhA12EX05fT7y2e,As It Was,Harry Styles,Harry's House,5r36AJ6VOJtp00oxSkBZ5h
4vCiNW18AyeaUAZosVnX61,Ross And Rachel,Jake Miller,Silver Lining II,1XXSATOgeCXLaDRLDGfs6Y
1A4tabNlyLKLOHQW2XpjaU,count on,"Shallou, Colin",count on,3Crvq8uqSTfvnn4IbIzAHY
7FYEftcDTCjLkQZPAgPe0D,Save Some Room,Shallou,Save Some Room,1JzucV72GDAQ3gEDGDBN3k
1HpzOCZbNWzxvvXfSGtSrX,Find U Again (feat. Camila Cabello),"Mark Ronson, Camila Cabello",Find U Again (feat. Camila Cabello),1GySemCUsaTUREhIPAF3hH
6FoUUkUM4fVdh5pLZyxgjz,Automatic (feat. Jake Miller),"Fly By Midnight, Jake Miller",Automatic (feat. Jake Miller),0jeMddP7OJxzdqdehekQIA
3agKMZ1zEALML8r5KIOpZ6,HAZE,5 Seconds of Summer,5SOS5,26uA5pGrTovBLxikRsMQJ4
78Qk1m8zbvvvrmWH2M1yxT,Me Myself & I,5 Seconds of Summer,5SOS5,26uA5pGrTovBLxikRsMQJ4
2iUXsYOEPhVqEBwsqP70rE,Youngblood,5 Seconds of Summer,Youngblood (Deluxe),2D0Hi3Jj6RFnpWDcSa0Otu
5BK0uqwY9DNfZ630STAEaq,gold rush,Taylor Swift,evermore,2Xoteh7uEpea4TohMxjtaq
0sY6ZUTh4yoctD8VIXz339,champagne problems,Taylor Swift,evermore,2Xoteh7uEpea4TohMxjtaq
0lx2cLdOt3piJbcaXIV74f,willow,Taylor Swift,evermore,2Xoteh7uEpea4TohMxjtaq
4roaZCkw5Aoaw0S9gmTkXd,SELFISH,The Kid LAROI,F*CK LOVE 3: OVER YOU,4bZJWQhHKJckFLJuYdvyX2
1BR1uwcmiTSQooTvC5geCR,NEED YOU MOST (So Sick),The Kid LAROI,F*CK LOVE 3: OVER YOU,4bZJWQhHKJckFLJuYdvyX2
7ECUhSzvcBY41ocbVfII0i,WITHOUT YOU,The Kid LAROI,F*CK LOVE 3: OVER YOU,4bZJWQhHKJckFLJuYdvyX2
2meUwHuMyPM0Ng1iTOc8eQ,FEEL SOMETHING (feat. Marshmello),"The Kid LAROI, Marshmello",F*CK LOVE 3: OVER YOU,4bZJWQhHKJckFLJuYdvyX2
0WPz9GrRaMaFUVdVWKpx2U,ALWAYS DO,The Kid LAROI,F*CK LOVE 3: OVER YOU,4bZJWQhHKJckFLJuYdvyX2
637YZncqOkeFzcTmr7YijJ,STILL CHOSE YOU (feat. Mustard),"The Kid LAROI, Mustard",F*CK LOVE 3: OVER YOU,4bZJWQhHKJckFLJuYdvyX2
5vqJLLFlnmCaui7Ng7YAn1,OVER YOU,The Kid LAROI,F*CK LOVE 3: OVER YOU,4bZJWQhHKJckFLJuYdvyX2
1JXBNvlDEl2epKSJ9EOgKX,NOT SOBER (feat. Polo G & Stunna Gambino),"The Kid LAROI, Polo G, Stunna Gambino",F*CK LOVE 3: OVER YOU,4bZJWQhHKJckFLJuYdvyX2
2ovVwEXwcRYuIfnfJedGnQ,Bad Omens,5 Seconds of Summer,5SOS5,26uA5pGrTovBLxikRsMQJ4
2oejEp50ZzPuQTQ6v54Evp,Call You Mine,"The Chainsmokers, Bebe Rexha",World War Joy,01GR4NL5O5CZM51k0aejKD
3e10Ct9oFcIdgFjkDUBV2k,Beautiful Love - Free Fire,Justin Bieber,Beautiful Love (Free Fire),3Dukyn15RlALh1JDtQRqO0
5PjdY0CKGZdEuoNab3yDmX,STAY (with Justin Bieber),"The Kid LAROI, Justin Bieber",F*CK LOVE 3: OVER YOU,4bZJWQhHKJckFLJuYdvyX2
6bMEM4D6A6gdhNvJcVgAeJ,Stay,Why Don't We,The Good Times and The Bad Ones,0cVSrL39wn0PkBm9PFf6G2
5gHebW3Md8ESmWyASqb5pR,For You,Why Don't We,The Good Times and The Bad Ones,0cVSrL39wn0PkBm9PFf6G2
1fXmDeiCb3ABt5CzkMxp4u,Lotus Inn,Why Don't We,Lotus Inn,3a9jHD4jj7qcrbbVbeCjMo
3LEgGAl9zLcQWGTp7ptqtQ,Don’t Wake Me Up,"Jonas Blue, Why Don't We",Don’t Wake Me Up,6ydP9IJkzpippCnXf2bpNs
4w9qnwPPJRWPOw6DHhNtIc,Let Me Down Easy (Lie),Why Don't We,Let Me Down Easy (Lie),3jJZCkZWJxe7dbYTOqXuV2
3ZqTMZf7hdBRCpvu3xwi3Q,Love Back (Stripped Back),Why Don't We,Love Back (Stripped Back),4c0eBL6HrPpVZSRtEZIWel
1v5J1L8FbUQya4SUQFCstk,Begin (feat. Wales),"Shallou, Wales",All Becomes Okay,6EHU4sgkn65wpT5dZU6Tkh
5eLjgK8JT276Xs8500KdEn,Affection,Fiji Blue,Affection,6tWEgPv7pxnhLjSFclxov2
0ND8rF8oirMXtE59n585P6,17,Julia Michaels,Inner Monologue Part 2,2f4Ejh4Po2rpuXSYa6IDCe
7FGq80cy8juXBCD2nrqdWU,Eastside (with Halsey & Khalid),"benny blanco, Halsey, Khalid",FRIENDS KEEP SECRETS,7dQ734EW0iLvQfF6vBFNiZ
4o3XxiQ9BljY4OU38zanC0,colorblind,Mokita,colorblind,5P0vqIQlY92T0uYUcYw0yI
6KjbNLbRjuoa8rEq5yNA6H,Honest,The Chainsmokers,Memories...Do Not Open,4JPguzRps3kuWDD5GS6oXr
0TMGV2zMZXOILVtQLtkI3G,What Am I,Why Don't We,Big Plans,085TF4mnNbXQT0m2X05cb0
6HLtZhPygF6XrLVLkkaEYC,Up Down,Fiji Blue,"I Loved You, What Happened?",3K6gfRB0Yn4IEd5VDThMXv
7uIgmq5lixaNDaYcUDSsC3,FEEL SOMETHING (feat. Marshmello),"The Kid LAROI, Marshmello",F*CK LOVE 3+: OVER YOU,576UTio7xgY7YUxrHMzxeI
7gCe88FGMlkyURLPxglbAo,ALWAYS DO,The Kid LAROI,F*CK LOVE 3+: OVER YOU,576UTio7xgY7YUxrHMzxeI
7xJqJxiM5f0BZQLWCbOuWz,STILL CHOSE YOU (feat. Mustard),"The Kid LAROI, Mustard",F*CK LOVE 3+: OVER YOU,576UTio7xgY7YUxrHMzxeI
567e29TDzLwZwfDuEpGTwo,STAY (with Justin Bieber),"The Kid LAROI, Justin Bieber",F*CK LOVE 3+: OVER YOU,576UTio7xgY7YUxrHMzxeI
29t9XYOV65fFXiVzFFJgHH,NOT SOBER (feat. Polo G & Stunna Gambino),"The Kid LAROI, Polo G, Stunna Gambino",F*CK LOVE 3+: OVER YOU,576UTio7xgY7YUxrHMzxeI
1Bf9eScMKuk50jjC5Ft7fc,In Too Deep - lofi remix,The Chainsmokers,So Far So Good (lofi remixes),3Fpxa7OUrdGmqEebgoAF1E
3kc9fFPBuP9DX9YCv0Gi0e,On A Prayer (feat. SHY Martin),"Boy In Space, shy martin",On A Prayer (feat. SHY Martin),7BNYuJ2vPivkHQzove1uJR
5pOuutOhdUKIR9eruBTLD4,Prom Night,The Midnight,Monsters,1WKMbxcldmwnXaCIGgEpUW
6GyFP1nfCDB8lbD2bG0Hq9,Midnight City,M83,"Hurry up, We're Dreaming",6EB14IXV5oyOiItGBv7mtG
6KUsVERTI2fY3Swi5mo27R,Love Alone,Mokita,Love Alone,7IsalEU9qyqcIi1Ri4sSOE
3NPWH2UbMjch2vnS7qMFGM,Past Lives,"Martin Arteta, creamy","it's summer '13, you're on a roadtrip vibing and life's good",5pWY8Sg8FEwYPiGMp5YTye
7tlJOCt4FeyZQkhsTbddts,Tears On My Piano,Charlie Puth,CHARLIE,5Jk4Eg7pxYhDrWJCVVzmMt
0tjYK2gtxo8fT2kdD4XGeF,Just Friends,Why Don't We,Just Friends,21abgAYeRvgOJefmSBA3QW
4HEuDdg39xP8qgkJqop6CG,Channel 1,The Chainsmokers,So Far So Good,4nZ4dv1XvDE25Lf2MFhOqA
3eR23VReFzcdmS7TYCrhCe,It Ain't Me (with Selena Gomez),"Kygo, Selena Gomez",It Ain't Me (with Selena Gomez),0IUCAsckpNyV4wHKIHQawC
5WQrDB34o6M8V0jxNiX6RU,Fast,Juice WRLD,Death Race For Love (Bonus Track Version),1btu0SV2DOI5HoFsvUd78F
09IStsImFySgyp0pIQdqAc,The Middle,"Zedd, Maren Morris, Grey",The Middle,7nEiwcUSwycvC77kZ9ub7c
6V9kwssTrwkKT72imgowj9,My Type,"The Chainsmokers, Emily Warren",Memories...Do Not Open,4JPguzRps3kuWDD5GS6oXr
1gcyHQpBQ1lfXGdhZmWrHP,champagne problems,Taylor Swift,evermore (deluxe version),6AORtDjduMM3bupSWzbTSG
2gVhfX2Gy1T9kDuS9azrF7,willow,Taylor Swift,evermore (deluxe version),6AORtDjduMM3bupSWzbTSG
7kt9e9LFSpN1zQtYEl19o1,this is me trying,Taylor Swift,folklore,2fenSS68JI1h4Fo296JfGr
3hUxzQpSfdDqwM3ZTFQY0K,august,Taylor Swift,folklore,2fenSS68JI1h4Fo296JfGr
4pvb0WLRcMtbPGmtejJJ6y,exile (feat. Bon Iver),"Taylor Swift, Bon Iver",folklore,2fenSS68JI1h4Fo296JfGr
4R2kfaDFhslZEMJqAFNpdd,cardigan,Taylor Swift,folklore,2fenSS68JI1h4Fo296JfGr
4KnnWpUyPfQD6X5SQSTlH3,Turn Back Time,Daniel Schulz,Turn Back Time,1NuCGiddS5MLz3XU2QViaK
7zaEkbbdkoGTKDwU5D8pDP,Safe With You,"Catchphrase, dreamr., Emily McNally",Safe With You,1QqNvcqgqo79y42fQ4OAlv
5Q9TqsxESs6B2GqOambNLm,about you,"NOTD, Nightly",NOTED...EP,6AMjHESQyOiW52JfQC8PEm
4WiiRw2PHMNQE0ad6y6GdD,Chocolate,The 1975,The 1975,6Z1zv6Hw9bdvSoxI5uYk2h
18UsAG7SfOQ5sxJEdjAMH0,Be My Mistake,The 1975,A Brief Inquiry Into Online Relationships,6PWXKiakqhI17mTYM4y6oY
6jkgtX0kIlCFALUpVJMaRs,High - lofi remix,The Chainsmokers,So Far So Good (lofi remixes),3Fpxa7OUrdGmqEebgoAF1E
58PLzRUABG9skJIKreuVdX,Something Different - lofi remix,The Chainsmokers,So Far So Good (lofi remixes),3Fpxa7OUrdGmqEebgoAF1E
01A1YsdxWJ6omysFtEqJ18,Channel 1 - lofi remix,The Chainsmokers,So Far So Good (lofi remixes),3Fpxa7OUrdGmqEebgoAF1E
4EeETVArXmQY25BMuCK8tU,If You're Serious - lofi remix,The Chainsmokers,So Far So Good (lofi remixes),3Fpxa7OUrdGmqEebgoAF1E
1DGY9hhepLMDQzdkdK3GrX,Riptide - lofi remix,The Chainsmokers,So Far So Good (lofi remixes),3Fpxa7OUrdGmqEebgoAF1E
1c9wxQkSyFOCkVUl3Z5Say,I Hope You Change Your Mind - lofi remix,The Chainsmokers,So Far So Good (lofi remixes),3Fpxa7OUrdGmqEebgoAF1E
61OJxhoY3Ix50rYVKo8zRK,Can I Call You Tonight?,Dayglow,Fuzzybrain,7GYzQIMfdDWo2XC4BDLHPk
7hspRf0CvDgevONnnJvK5X,Yeah I Know,The 1975,Notes On A Conditional Form,0o5xjCboti8vXhdoUG9LYi
2ymCaPd4ojF9H8hzIz2NJd,Roadkill,The 1975,Notes On A Conditional Form,0o5xjCboti8vXhdoUG9LYi
6SrvijeageGUiFu9iCDdmM,Me & You Together Song,The 1975,Notes On A Conditional Form,0o5xjCboti8vXhdoUG9LYi
0dGyrOsSR0TOAxY4UBojmV,Guys,The 1975,Notes On A Conditional Form,0o5xjCboti8vXhdoUG9LYi
3J09NCAVxby84HQxp8C0dO,Bagsy Not In Net,The 1975,Notes On A Conditional Form,0o5xjCboti8vXhdoUG9LYi
3eeU7oRuEUbFHMrsJ8rvpk,What Should I Say,The 1975,Notes On A Conditional Form,0o5xjCboti8vXhdoUG9LYi
2q3s94g1UFU90IinOiFmDQ,Playing On My Mind,The 1975,Notes On A Conditional Form,0o5xjCboti8vXhdoUG9LYi
7DmTaJoM7L020qm3egqNsM,Tonight (I Wish I Was Your Boy),The 1975,Notes On A Conditional Form,0o5xjCboti8vXhdoUG9LYi
3wFPsw1WQJevCFoKpoLyTF,The Birthday Party,The 1975,Notes On A Conditional Form,0o5xjCboti8vXhdoUG9LYi
1C5utO1I8FoSIn6g1R5DAZ,If You’re Too Shy (Let Me Know),The 1975,Notes On A Conditional Form,0o5xjCboti8vXhdoUG9LYi
5FbfZj2ZyTSu6RNeJ2Q0bj,Frail State Of Mind,The 1975,Notes On A Conditional Form,0o5xjCboti8vXhdoUG9LYi
0Slly1wh3Bro24xrO7tEhS,iPad - lofi remix,The Chainsmokers,So Far So Good (lofi remixes),3Fpxa7OUrdGmqEebgoAF1E
0WtM2NBVQNNJLh6scP13H8,Calm Down (with Selena Gomez),"Rema, Selena Gomez",Calm Down (with Selena Gomez),2b2GHWESCWEuHiCZ2Skedp
5M5TD1Tlpcgq0Fj1l6Mz6Z,When We Are Together,The 1975,Being Funny In A Foreign Language,6dVCpQ7oGJD1oYs2fv1t5M
2PUHkK7V8XSoquIV8Skj7h,Human Too,The 1975,Being Funny In A Foreign Language,6dVCpQ7oGJD1oYs2fv1t5M
1fDFHXcykq4iw8Gg7s5hG9,About You,The 1975,Being Funny In A Foreign Language,6dVCpQ7oGJD1oYs2fv1t5M
14dJexYlvd3t3XAtD1pYW1,Oh Caroline,The 1975,Being Funny In A Foreign Language,6dVCpQ7oGJD1oYs2fv1t5M
12g9IeQzX7xECLNxz8dpb5,I'm In Love With You,The 1975,Being Funny In A Foreign Language,6dVCpQ7oGJD1oYs2fv1t5M
35lxFAny9XDBkvE6r9j4uG,Happiness,The 1975,Being Funny In A Foreign Language,6dVCpQ7oGJD1oYs2fv1t5M
72jbDTw1piOOj770jWNeaG,Paris,The Chainsmokers,Memories...Do Not Open,4JPguzRps3kuWDD5GS6oXr
0DiDStADDVh3SvAsoJAFMk,Only Human,Jonas Brothers,Happiness Begins,1Uf67JAtkVWfdydzFFqNF2
7yfi8B8opXjnRh4VZnOkz9,Cool,Jonas Brothers,Happiness Begins,1Uf67JAtkVWfdydzFFqNF2
22vgEDb5hykfaTwLuskFGD,Sucker,Jonas Brothers,Happiness Begins,1Uf67JAtkVWfdydzFFqNF2
7dxKdQC9Vo1hDxIUnt1z0Q,Rollercoaster,Jonas Brothers,Happiness Begins,1Uf67JAtkVWfdydzFFqNF2
7fiFJADUcHwTdYLmnZeLAy,Hesitate,Jonas Brothers,Happiness Begins,1Uf67JAtkVWfdydzFFqNF2
5md87aD3pGXRghKUbZdyh8,Strangers,Jonas Brothers,Happiness Begins,1Uf67JAtkVWfdydzFFqNF2
24eP9hGnGR6RCQvllQVkCm,Don't Throw it Away,Jonas Brothers,Happiness Begins,1Uf67JAtkVWfdydzFFqNF2
5zqObw7wjBgL9TDiAymxPn,Our Song,"Anne-Marie, Niall Horan",Our Song,0zocAVUSizQ74Cn8nCsN3a
7pJ8EpupQvfomVNPtfneql,Cinnamon,Jome,Tunnels,7LhNffG8tDqV6o1vnjY88E
0YNtAadZvKBBEFARtfoCV8,Compass,The Neighbourhood,Hard To Imagine The Neighbourhood Ever Changing,0ODLCdHBFVvKwJGeSfd1jy
0I3FXz5RssOlMNI0FmPAkc,There’s A First Time For Everything,Charlie Puth,CHARLIE,2LTqBgZUH4EkDcj8hdkNjK
1tGq9MNEmWGevwtiBCdrbk,Left and Right (Feat. Jung Kook of BTS),"Charlie Puth, Jung Kook, BTS",CHARLIE,2LTqBgZUH4EkDcj8hdkNjK
2g3afkZqrBxT9RWNSPSWa7,No More Drama,Charlie Puth,CHARLIE,2LTqBgZUH4EkDcj8hdkNjK
4JC4Gj3DcAkwh9rvBeYoXy,When You’re Sad I’m Sad,Charlie Puth,CHARLIE,2LTqBgZUH4EkDcj8hdkNjK
0OM84HfW4XX1kmwCMDPmcS,Smells Like Me,Charlie Puth,CHARLIE,2LTqBgZUH4EkDcj8hdkNjK
4YUAuFDr1sXYYMOu8Oqocq,Can I call you back?,shy martin,Sad Songs,71sb3x5BwKk87d7ZBOoSJY
6PmYifkBBKFwcmrKRSVGMy,Slow,shy martin,Sad Songs,71sb3x5BwKk87d7ZBOoSJY
1MwjGc1bwzdDPjj1XBiawA,Make us never happen,shy martin,Sad Songs,71sb3x5BwKk87d7ZBOoSJY
09CtPGIpYB4BrO8qb1RGsF,Sorry,Justin Bieber,Purpose (Deluxe),6Fr2rQkZ383FcMqFyT7yPr
2FqkTu4FhwDWn9hzEaWWCE,I Love U,The Chainsmokers,So Far So Good,4nZ4dv1XvDE25Lf2MFhOqA
44ngiCPfS8FfdJOqN0eULl,Tightrope,ZAYN,Nobody Is Listening,2yuQqhSklmfWgn8lmJNk5t
7geS7hzMmSiJXCsASnLKms,Keep It Complicated,Midnight Kids,Keep It Complicated,3KGzWeQg8or7eMhspuuwSO
6yQAwPJmFn0OBTKWOnQFfv,"Go on Then, Love","Said The Sky, The Maine",Sentiment,4eZHJqBC68gC2UtAKeiCnA
0dlUOUG5yolaAfKSj1MlG7,Last Time,Midnight Kids,The Lost Youth,0BVWINRI9mlPUFHkdXvCH4
3RhyHYnYxuGnP8njFlNxHq,don't come back,Tate McRae,i used to think i could fly,5fhTetHew6Eph6HfQ9O5gJ
3pt2acuxLXvIGproniPoq9,Closure,Hayd,Changes - EP,1GknYqyoJ7ZHn8ch5PJipt
0AdoWBdFJUL5ejRBGFAAwq,Airplane Mode,Hayd,Changes - EP,1GknYqyoJ7ZHn8ch5PJipt
7LEMGMfmJDd1iLsGD9eV5l,Love Somebody,Lauv,Without You,4ZpQ0nsefiNRsHEvKyaN1y
6HAVjFro6OKMcY2xHOP0l7,Here,Shallou,Here,09wfArPc6oilmo1SDtoWaj
2qxmye6gAegTMjLKEBoR3d,Let Me Down Slowly,Alec Benjamin,Narrated For You,6jKZplJpy21R5lHaYHHjmZ
0cHLxojmTlaQwG9hxJW3l9,CWJBHN,"Jake Scott, Josie Dunne",TWENTYTWENTY,13j0Kg7NR6uwvE1TEXlNQi
4If7JKEkzeY0WusIrOdQlC,Waves,Fiji Blue,Waves,4hlLOR9Zd7pmBg2Qb4Dlss
3D2H0RZzOXziswr9UHbpyb,if we never met,John K,love + everything else,1LA3eirJ1NylPXjS1gbiD5
49rrPHxp0944ZLgAi7XfY8,Find Our Way - Night Drive Edit,"Midnight Kids, klei",Find Our Way (Remixes),1bS00A1F8wIRrIQKnXaAto
7eCpXVlWnTVEE8twb3P8m5,Have We Met Before (with Eric Nam),"Sarah Barrios, Eric Nam",Have We Met Before (with Eric Nam),3CugoYr2fheAKsUkc4wsVo
7mWBvNosCez1ry9f1ba197,Tears On My Piano,Charlie Puth,CHARLIE,2LTqBgZUH4EkDcj8hdkNjK
5iCY0TXNImK4hyKfcplQsg,Baarishein,Anuv Jain,Baarishein,4ysOhipyMXKstywus51VXS
3hRV0jL3vUpRrcy398teAU,The Night We Met,Lord Huron,Strange Trails,4sD1qg4jwTZR4mvR4Iflk5
4lU9mJtD01KknelD2W2jX8,Hum Kahan,Taha G,Hum Kahan,6de2uubuc6Oi51s8A7PPkV
30YLyzfEjMQsXj4ZFslAmT,Make It Right,BTS,MAP OF THE SOUL : 7,5W1XY5ucNATjTULERvXx9j
1ZMiCix7XSAbfAJlEZWMCp,Falling,Harry Styles,Fine Line,7xV2TzoaVc0ycW7fwBwAml
3H3r2nKWa3Yk5gt8xgmsEt,This City,Sam Fischer,This City,5waiE6DS2ntWF3Q0yekJUm
2l3dFxtoSMgMQVyRIUHjpz,Akhiyaan,Mitraz,Akhiyaan,4MBCBnMZyFFv8Ch9elmLsL
5fWRLdgfMlbKDncAhdN9zI,Walk Me Home,"Said The Sky, ILLENIUM, Chelsea Cutler",Sentiment,4eZHJqBC68gC2UtAKeiCnA
21RzyxY3EFaxVy6K4RqaU9,Body,"Loud Luxury, Brando",Body,3HwBA7xp3XTbFiNzU7gjwp
5DXKvETa1xppOmd4CDxs9S,One Life,Ed Sheeran,= (Tour Edition),2CIOGAByaHyjQ1EO55JSzC
4Z2S3bGjf3hWkvRghqiqjP,Monsters,Midnight Kids,The Lost Youth,0BVWINRI9mlPUFHkdXvCH4
5gQ13Ix8QCTagOPUKPfDPn,Deep Blue,The Midnight,Monsters,1WKMbxcldmwnXaCIGgEpUW
3bWubl9oMzs5Z1n5KZXSSz,Can I call you back?,shy martin,can I call you back?,0WKhEo5uustTfpRpm0tMhL
52iLDrSoRtf9lcgFuLVfqE,Older,Sasha Alex Sloan,Older,2mTA1YzwWs39JdjSIQNCBS
44I5NYJ7CGEcaLOuG2zJsU,Oh My God,Alec Benjamin,These Two Windows,3SzqS1H5dj8f450YhV9YbP
73jVPicY2G9YHmzgjk69ae,Robbers,The 1975,The 1975,6Z1zv6Hw9bdvSoxI5uYk2h
5e2ZOmiFEAOFEgXNj1mHEk,I Remember,"Cheat Codes, Russell Dickerson",I Remember,2sb91FS5wPmcPf1GSgeAwF
2IwbIGkquI55VOzcWUg8fg,Bad Dream,Cannons,Bad Dream,4rDxEB6OJqbYb38hY083qw
4cB00WOFuQFLoDpnydcx8c,7UP,Boy In Space,7UP,6V20HAISdYkgTpoa51Z95P
5jYe1mOKg5zUx0enf1DOdz,Cold,"Boy In Space, unheard",Cold,0Vci60496fhTWcRODhFCYM
4tRt91OQSbE9eFA3RwgqSd,The Only Boy Awake,Meadows,The Only Boy Awake,0SCTqWnQqJFtgOewaNW062
6RR0CmtLPFzKPLxMIfFDXe,Let You Go,Boy In Space,BACKYARD,1VJQGEoTco7jhMvYjJhZzR
1620rCO9xoE7kug77sS4AJ,Speakers,Alec Benjamin,(Un)Commentary,5Wvcnn5547f6xz8F9Kz6rO
1QwYL1JmXingJ2UQeLEeBH,hesitation,Andrew Garden,hesitation,2O1vUJU8wqdnoUDOUdllIi
2QI91Tq1F2Tl0slIaSegs1,GOT MY NUMBER,MONSTA X,ALL ABOUT LUV,2O5KXxROQOR8WOdB8fgTCp
2iGlQNysnQcoqYmBdSd0as,When You Were Young,KID BRUNSWICK,XFOREVER,6WJB3ie2QvOhlLj4sqcK1n
2hgk8iKN9UdoM4ILlJ9F5N,Love Her,Jonas Brothers,Happiness Begins,1Uf67JAtkVWfdydzFFqNF2
2j62Uo7PsIAQlU3jnsC6ER,The Night We Met,Lord Huron,The Night We Met,6hk4QSigj9cjew7HelQCEz
5bHrzpO27EMIpzsseMPPsa,Easy For You To Say,5 Seconds of Summer,5SOS5,26uA5pGrTovBLxikRsMQJ4
6cdiviyVL3tFYE1eDcmUzL,Gumaan,"Young Stunners, Talha Anjum, Talhah Yunus",Gumaan,1rbTFWa6pVztLGlJzW0ABx
0H2iJVgorRR0ZFgRqGUjUM,Channa Mereya,"Pritam, Arijit Singh",Ae Dil Hai Mushkil (Original Motion Picture Soundtrack) [Deluxe Edition],5xjaz957o6YGSXmlfd2tex
1FtIOsS879PVgtHKw3C6Vs,This City Remix (feat. Anne-Marie),"Sam Fischer, Anne-Marie",This City Remix (feat. Anne-Marie),1CaqKGLTbEJzGTikKtoQi6
3i058E8uxTsYqJ5NWZzqSj,Little Freak,Harry Styles,Harry's House,5r36AJ6VOJtp00oxSkBZ5h
2rizacJSyD9S1IQUxUxnsK,All We Know,"The Chainsmokers, Phoebe Ryan",All We Know,0xmaV6EtJ4M3ebZUPRnhyb
0PsiZOHTHwSpuEXSdf5cTk,Heart Worth Breaking,The Midnight,Heart Worth Breaking,2ai5cNL3E2zJvrmNB1evkb
0WTN7om3lHG3yYMigwzBxl,There's No Way (feat. Julia Michaels),"Lauv, Julia Michaels",There's No Way,4jL68AMzZ3OwCoWWrKtGCx
60brXKLTC15vK0av5gIldm,Confirmation,Justin Bieber,Changes,63iWSELt9V1kV6RSMxN7Ii
6VLkgf5YmLixsabdqiCVGU,At Least For Now,Justin Bieber,Changes,63iWSELt9V1kV6RSMxN7Ii
5My4LtZW8JQJoKFDWodqIt,Use Somebody - Recorded at Spotify Studios NYC,Shawn Mendes,Spotify Singles,6ixkdVE4xrPNcVKhRpnPEh
5G99lkpldkHJx6o1Z37ts7,Angels Speak,"Justin Bieber, Poo Bear",Justice (The Complete Edition),5v2lj0w9VJIbjcUUKYLvlo
4CxFN5zON70B3VOPBYbd6P,you were good to me,"Jeremy Zucker, Chelsea Cutler",brent,16mjtcKPxpQ4ajFHmJ0hJC
0f8xPdFJ6SdlHJwkxpdw2Q,Still the Same (feat. Boy In Space),"shy martin, Boy In Space",Still the Same (feat. Boy In Space),15a2L2owp0WoKIMfcwncLc
5kcuHw8WtxauIWI5crMcLM,Tornado Warnings,Sabrina Carpenter,emails i can't send,5kDmlA2g9Y1YCbNo2Ufxlz
15vzANxN8G9wWfwAJLLMCg,Paris,The Chainsmokers,Paris,64vx3cUb97lQGlgt8zozWL
64lsIF5pw0sJY0gV5kz0RN,Can I Call You Tonight?,Dayglow,Fuzzybrain,5PFzbdbZRNaoGLCHFPnmv3
1aEsTgCsv8nOjEgyEoRCpS,this is how you fall in love,"Jeremy Zucker, Chelsea Cutler",brent ii,0A9eIFTz09ciHqCHJNYyf2
7kWHoZvIn3TzxUHYrszYFc,Never Had a Chance,Katherine Li,Never Had a Chance,5td0jzs96pRarCswOchXN8
59hkyI30Y03Zei8ITME2mz,Dou Pal,"Taha G, Maanu",Dou Pal,5RpDf2hdASOFcyz88kVUZS
3nlAERKIpn3ffgGwYQs0EB,Akhiyaan,Mitraz,Akhiyaan,5sLWY4LX0HZzn1MNfC0DLA
0d2iYfpKoM0QCKvcLCkBao,Eastside (with Halsey & Khalid),"benny blanco, Halsey, Khalid",Eastside (with Halsey & Khalid),7pkLXlFdpQDfmHujT2AbBK
6BvRzfqi3sMAoQYnRpMVL0,Mazaak,Anuv Jain,Mazaak,4Z5Z0qWzKvTgv7XRnodjNU
7JqzV029PvaPKDhUiU4spi,Last Chance,CHPTRS,Chapter Three,0xd7R8bVAPOV3b5dXuIgDe
6kWxIqQDsKFYCJGbU4AjCX,Hardest To Love,The Weeknd,After Hours,4yP0hdKOZPNshxUOjY0cZj
3jJ5HgLRNydtLRghjWVaCG,Kabira (Encore),"Pritam, Harshdeep Kaur, Arijit Singh",Yeh Jawaani Hai Deewani,2Lxoc72vRTGdQfMvj7Ovi1
6C88rHxXBlpcgtBY3HAF0E,Paris,The 1975,"I like it when you sleep, for you are so beautiful yet so unaware of it",12zl1WmHPFCSyKYbL4vBZn
3TgMcrV32NUKjEG2ujn9eh,It's Not Living (If It's Not With You),The 1975,A Brief Inquiry Into Online Relationships,6PWXKiakqhI17mTYM4y6oY
6HguG9HRb1Ke1bhihfE4m8,Sincerity Is Scary,The 1975,A Brief Inquiry Into Online Relationships,6PWXKiakqhI17mTYM4y6oY
33DzKnwuBE6lfOiADwzd5E,TOOTIMETOOTIMETOOTIME,The 1975,A Brief Inquiry Into Online Relationships,6PWXKiakqhI17mTYM4y6oY
4m0q0xQ2BNl9SCAGKyfiGZ,Somebody Else,The 1975,"I like it when you sleep, for you are so beautiful yet so unaware of it",12zl1WmHPFCSyKYbL4vBZn
0uBdQzKghx88d2Lp8SLFKJ,I'm In Love With You,The 1975,I'm In Love With You,3TI3FFFz3hKQfsL0izZ8JS
5WtfUKzXircvW8l5aaVZWT,What A Time (feat. Niall Horan),"Julia Michaels, Niall Horan",Inner Monologue Part 1,1xJ7jIK1tT0aVoJw1fPE6r
4Gyo5XZzmZawnpqaRRedKu,Julia,Lauv,~how i'm feeling~,6EgJXcGqaUvgZIF9bqPXfP
1DVWkJEjgVStgU2EbR9vpz,Sad Forever,Lauv,~how i'm feeling~,6EgJXcGqaUvgZIF9bqPXfP
3uc8AGNL0KbvISIrjnfRvN,Mean It,"Lauv, LANY",~how i'm feeling~,6EgJXcGqaUvgZIF9bqPXfP
5qhHm4dN4L2dhRb2TfzGPw,Lonely Eyes,Lauv,~how i'm feeling~,6EgJXcGqaUvgZIF9bqPXfP
09PGubKAMryhOWv1LHpCYz,"fuck, i'm lonely","Lauv, Anne-Marie",~how i'm feeling~,6EgJXcGqaUvgZIF9bqPXfP
5WAD7GRAHPQUy9Il1hM7wL,Bracelet,Lauv,I met you when I was 18. (the playlist),7lqieLm717j9Z8JrG7POkS
373q2bp4ZvyJ9kFZcpJSMs,Breathe,Lauv,I met you when I was 18. (the playlist),7lqieLm717j9Z8JrG7POkS
0EAzlhtMYxRb6wbi6KnPjC,The Other,Lauv,I met you when I was 18. (the playlist),7lqieLm717j9Z8JrG7POkS
1yxsoZCXBEcplWHsuc6wey,Summer Nights,Lauv,All 4 Nothing,3edu0vIRVJ6vcK3yagi6oS
7diY4bRXZ7ca6BEGNlz3xL,Molly In Mexico,Lauv,All 4 Nothing,3edu0vIRVJ6vcK3yagi6oS
77MrX98hyOXLSs3dIfmOYk,Kids Are Born Stars,Lauv,All 4 Nothing,3edu0vIRVJ6vcK3yagi6oS
4CLDrNSJcJQIeFkHCLM3gb,26,Lauv,All 4 Nothing,3edu0vIRVJ6vcK3yagi6oS
41CgzGD7xlgnJe14R4cqkL,Paris in the Rain,Lauv,I met you when I was 18. (the playlist),7lqieLm717j9Z8JrG7POkS
4fFfyouye6vrX9o9z4PVMu,Never Not,Lauv,I met you when I was 18. (the playlist),7lqieLm717j9Z8JrG7POkS
4vjpLMyL3ZO6aphdYr8XYw,i'm so tired...,"Lauv, Troye Sivan",~how i'm feeling~,6EgJXcGqaUvgZIF9bqPXfP
2P91MQbaiQOfbiz9VqhqKQ,I Like Me Better,Lauv,I met you when I was 18. (the playlist),7lqieLm717j9Z8JrG7POkS
6nat4Z7iRKWVk1qngQqI0Q,Perfectly Wrong,Shawn Mendes,Shawn Mendes,2VP96XdMOKTXefI8Nui23s
1RRZSm4akqNyMOsPUhw4cb,Because I Had You,Shawn Mendes,Shawn Mendes,2VP96XdMOKTXefI8Nui23s
79esEXlqqmq0GPz0xQSZTV,Lost In Japan,Shawn Mendes,Shawn Mendes,2VP96XdMOKTXefI8Nui23s
376Gg7Oxo5C5jUWDWpVXeI,Where Were You In The Morning?,Shawn Mendes,Shawn Mendes,2VP96XdMOKTXefI8Nui23s
2QZ7WLBE8h2y1Y5Fb8RYbH,In My Blood,Shawn Mendes,Shawn Mendes,2VP96XdMOKTXefI8Nui23s
7JJmb5XwzOO8jgpou264Ml,There's Nothing Holdin' Me Back,Shawn Mendes,Illuminate (Deluxe),3wBabo4pmzsYjALMSKY7Iq
0z8hI3OPS8ADPWtoCjjLl6,Summer of Love (Shawn Mendes & Tainy),"Shawn Mendes, Tainy",Summer Of Love,4nProAxFavzKkbaRQ2Otyk
0U1W2LZVUX7qTm7dDpqxh6,When You're Gone,Shawn Mendes,When You're Gone,4EGVr9mSwFPoqvDMkiahJp
5QTYKyXxIJaLupn1J6W9QU,Losing My Mind,Charlie Puth,Nine Track Mind,5Nwsra93UQYJ6xxcjcE10x
3qonjOrhFCfTnaaMruHzxW,Dangerously,Charlie Puth,Nine Track Mind,5Nwsra93UQYJ6xxcjcE10x
37R0bQOQj5a7DOqh1TGzvB,One Call Away,Charlie Puth,Nine Track Mind,5Nwsra93UQYJ6xxcjcE10x
1PuQTv1Kr1gzLgVeATSuh6,Somebody Told Me,Charlie Puth,Voicenotes,0mZIUXje90JtHxPNzWsJNR
6TapyDFlRUlZ4cmIaqJx4k,Slow It Down,Charlie Puth,Voicenotes,0mZIUXje90JtHxPNzWsJNR
7aSvPfoqiM0zwPqupLGaHd,BOY,Charlie Puth,Voicenotes,0mZIUXje90JtHxPNzWsJNR
6wmAHw1szh5RCKSRjiXhPe,How Long,Charlie Puth,Voicenotes,0mZIUXje90JtHxPNzWsJNR
6qNALlmZa1ESnCxJmXE1K9,The Way I Am,Charlie Puth,Voicenotes,0mZIUXje90JtHxPNzWsJNR
3AVXwaOGCEL8cmBecfcsFJ,Light Switch,Charlie Puth,Light Switch (Instrumental),4RRj9PqBj79OFDB2ydM7qs
06KyNuuMOX1ROXRhj787tj,We Don't Talk Anymore (feat. Selena Gomez),"Charlie Puth, Selena Gomez",Nine Track Mind,5Nwsra93UQYJ6xxcjcE10x
0mBP9X2gPCuapvpZ7TGDk3,Left and Right (Feat. Jung Kook of BTS),"Charlie Puth, Jung Kook, BTS",Left and Right (Feat. Jung Kook of BTS),4LyiYe4wZ6XwzUne79hidF
0UzGVWTmURL3F3Y1wgzFtJ,No Regrets,"Nea, shy martin",No Regrets,2JO9ocFahCA7zpSObO39bR
1Ia95g66IhlAJ3qVI4qI8W,Slow,shy martin,Slow,6u4ZwK6xSWHhREBVzhjQg6
50kpGaPAhYJ3sGmk6vplg0,Love Yourself,Justin Bieber,Purpose (Deluxe),6Fr2rQkZ383FcMqFyT7yPr
6I3mqTwhRpn34SLVafSH7G,Ghost,Justin Bieber,Justice,5dGWwsZ9iB2Xc3UKR0gif2
7crMiinWx373rNBZBaVske,Closer,"The Chainsmokers, Halsey",Collage EP,22rp3PnM3q2mtTI0OGCzpq
65Qe0x9oCbs9pNJc6QBFx7,All We Know (feat. Phoebe Ryan),"The Chainsmokers, Phoebe Ryan",Collage EP,22rp3PnM3q2mtTI0OGCzpq
3g0mEQx3NTanacLseoP0Gw,Takeaway,"The Chainsmokers, ILLENIUM, Lennon Stella",World War Joy,01GR4NL5O5CZM51k0aejKD
4h8Pmw3RELdsanPjssyJoB,Push My Luck,The Chainsmokers,World War Joy,01GR4NL5O5CZM51k0aejKD
2bQhVQbV7VBzSOPo8mbkUR,Beach House,The Chainsmokers,Sick Boy,6ZvDJs17O3woQirttKRYCG
4NBTZtAt1F13VvlSKe6KTl,This Feeling,"The Chainsmokers, Kelsea Ballerini",Sick Boy,6ZvDJs17O3woQirttKRYCG
7BKLCZ1jbUBVqRi2FVlTVw,Closer,"The Chainsmokers, Halsey",Closer,0rSLgV8p5FzfnqlEk4GzxE
6RUKPb4LETWmmr3iAEQktW,Something Just Like This,"The Chainsmokers, Coldplay",Memories...Do Not Open,4JPguzRps3kuWDD5GS6oXr
